portfolio_company,initial_acquisition_date,geographic_region,cost,fair_value,asset_class,part,table_index,row_index,shares_units,principal_amount
"Bertram Growth Capital IV-A, L.P.",1/7/2022,North America,1238736,4963620,Primary Fund Investments — 25.3%,ea0289743-01_ncsr,1,2,,
BlackRock Secondaries & Liquidity Solutions II (Lux) SCSp,12/27/2024,North America,46000000,61789798,Primary Fund Investments — 25.3%,ea0289743-01_ncsr,1,3,,
"BPOC Fund VI-A, L.P.",6/6/2025,North America,6324758,7742836,Primary Fund Investments — 25.3%,ea0289743-01_ncsr,1,4,,
Dawson Portfolio Finance Evergreen LP,5/28/2024,North America,70000000,81968442,Primary Fund Investments — 25.3%,ea0289743-01_ncsr,1,5,68333,
"DFJ Growth V, L.P.",11/27/2024,North America,2475000,3683889,Primary Fund Investments — 25.3%,ea0289743-01_ncsr,1,6,,
Envoy Fund I LP,8/29/2025,North America,2753758,4060039,Primary Fund Investments — 25.3%,ea0289743-01_ncsr,1,7,,
"Geigel Hill, LP",3/11/2026,North America,46314297,46314297,Primary Fund Investments — 25.3%,ea0289743-01_ncsr,1,8,,
"Glouston Private Equity Opportunities VII FTE, L.P.",4/15/2024,North America,23705000,29702773,Primary Fund Investments — 25.3%,ea0289743-01_ncsr,1,9,,
"Gryphon Partners VI-A, L.P.",1/7/2022,North America,6912709,7701235,Primary Fund Investments — 25.3%,ea0289743-01_ncsr,1,10,,
"Haveli Investments Software Fund I Cayman, L.P.",4/28/2025,North America,10114262,11830075,Primary Fund Investments — 25.3%,ea0289743-01_ncsr,1,11,,
"Headlands Capital Offshore IV, LP",4/18/2024,North America,26715838,42826309,Primary Fund Investments — 25.3%,ea0289743-01_ncsr,1,12,,
ICG LP Secondaries Fund I (Feeder) SCSp,4/12/2024,North America,3615969,5185050,Primary Fund Investments — 25.3%,ea0289743-01_ncsr,1,13,,
"JFL Equity Investors VI, L.P.",11/13/2024,North America,9055952,12864248,Primary Fund Investments — 25.3%,ea0289743-01_ncsr,1,14,,
"Juxtapose Ventures III, L.P.",12/3/2024,North America,730088,442571,Primary Fund Investments — 25.3%,ea0289743-01_ncsr,1,15,,
"Khosla Ventures Opportunity III, L.P.",9/23/2025,North America,1500000,1473604,Primary Fund Investments — 25.3%,ea0289743-01_ncsr,1,16,,
"Kohlberg Investors X, LP",9/27/2024,North America,2164500,2442204,Primary Fund Investments — 25.3%,ea0289743-01_ncsr,1,17,,
"Levine Leichtman Capital Partners VII-A, L.P.",12/11/2024,North America,870372,848860,Primary Fund Investments — 25.3%,ea0289743-01_ncsr,1,18,,
"Liquid 2 Winners Fund I, L.P.",2/3/2025,North America,4625000,5120437,Primary Fund Investments — 25.3%,ea0289743-01_ncsr,1,19,,
"MC Brazil Special Opportunities Fund III, LP",2/26/2026,South America,5436335,7548601,Primary Fund Investments — 25.3%,ea0289743-01_ncsr,1,20,,
MCP Opportunity Secondary Program VI (USD) Feeder SCSp,5/14/2025,Europe,893805,1169710,Primary Fund Investments — 25.3%,ea0289743-01_ncsr,1,21,,
"NewView Capital Special Opportunities Fund III, L.P.",6/12/2024,North America,29633467,43255411,Primary Fund Investments — 25.3%,ea0289743-01_ncsr,1,22,,
"OceanSound Partners Fund, LP",1/7/2022,North America,6284226,9979816,Primary Fund Investments — 25.3%,ea0289743-01_ncsr,1,23,,
Overbay 2025 Fund (International) LP,8/29/2025,North America,22050000,27233635,Primary Fund Investments — 25.3%,ea0289743-01_ncsr,1,24,,
Overbay Capital Partners 2024 Fund US LP,12/30/2024,North America,8890086,11129782,Primary Fund Investments — 25.3%,ea0289743-01_ncsr,1,25,,
"Pathway Select Fund, LP — 2025",3/26/2025,North America,262593295,276914226,Primary Fund Investments — 25.3%,ea0289743-01_ncsr,1,26,,
"Pathway Select Fund, LP — Series A",3/28/2024,North America,486791324,581325421,Primary Fund Investments — 25.3%,ea0289743-01_ncsr,1,27,,
Patria Acropolis LP,12/18/2024,Europe,6213124,7633197,Primary Fund Investments — 25.3%,ea0289743-01_ncsr,1,28,,
Patria SOF V Feeder SCSp,10/31/2025,Europe,1551617,1621651,Primary Fund Investments — 25.3%,ea0289743-01_ncsr,1,29,,
"PSC V (B), SCSp",8/7/2025,Europe,7477581,8445853,Primary Fund Investments — 25.3%,ea0289743-01_ncsr,1,30,,
"Sage Equity Investors Side, L.P.",6/16/2025,North America,2185321,2915678,Primary Fund Investments — 25.3%,ea0289743-01_ncsr,1,31,,
"SAS Vehicle, L.P.",12/30/2024,North America,31206568,36184198,Primary Fund Investments — 25.3%,ea0289743-01_ncsr,1,32,,
SPDW Partners LP,2/5/2025,North America,8445097,13493010,Primary Fund Investments — 25.3%,ea0289743-01_ncsr,1,33,,
"TA XV-B, L.P.",2/10/2025,North America,640000,588200,Primary Fund Investments — 25.3%,ea0289743-01_ncsr,1,34,,
"TPG GP Solutions (B), L.P.",10/28/2024,North America,10429136,13206623,Primary Fund Investments — 25.3%,ea0289743-01_ncsr,1,35,,
"A&M Capital Partners, LP",9/30/2024,North America,1149988,1126300,Secondary Fund Investments — 40.4%,ea0289743-01_ncsr,1,38,,
"ABRY Partners VII, LP",1/1/2026,North America,1387940,2195503,Secondary Fund Investments — 40.4%,ea0289743-01_ncsr,1,39,,
"ABRY Senior Equity IV, L.P.",9/30/2024,North America,370695,444148,Secondary Fund Investments — 40.4%,ea0289743-01_ncsr,1,40,,
"ACON Equity Partners 3.5, L.P.",10/1/2024,North America,2683411,2623915,Secondary Fund Investments — 40.4%,ea0289743-01_ncsr,1,41,,
"AE Industrial Partners Extended Value Fund, LP",1/7/2022,North America,811551,334265,Secondary Fund Investments — 40.4%,ea0289743-01_ncsr,1,42,,
"Alpine Investors VI, LP",1/1/2026,North America,22708250,25247822,Secondary Fund Investments — 40.4%,ea0289743-01_ncsr,3,2,,
"APH Extended Value Fund H, L.P.",1/30/2025,North America,34834676,40669307,Secondary Fund Investments — 40.4%,ea0289743-01_ncsr,3,3,,
"Apse Capital II, L.P.",10/28/2024,Europe,43981896,63429438,Secondary Fund Investments — 40.4%,ea0289743-01_ncsr,3,4,,
Atlas Capital Resources II LP,9/30/2024,North America,3039538,7953313,Secondary Fund Investments — 40.4%,ea0289743-01_ncsr,3,5,,
"Avenir Growth Partners II, L.P.",6/30/2025,North America,4728785,7203421,Secondary Fund Investments — 40.4%,ea0289743-01_ncsr,3,6,,
"Avenir Growth Partners III, L.P.",6/30/2025,North America,8158554,10003482,Secondary Fund Investments — 40.4%,ea0289743-01_ncsr,3,7,,
"Avenir Growth Partners IV, L.P.",6/30/2025,North America,20188799,31702609,Secondary Fund Investments — 40.4%,ea0289743-01_ncsr,3,8,,
"Avenir Growth Partners V, L.P.",6/30/2025,North America,15575923,19609258,Secondary Fund Investments — 40.4%,ea0289743-01_ncsr,3,9,,
"Banneker CV, L.P.",1/21/2025,North America,33304600,40900469,Secondary Fund Investments — 40.4%,ea0289743-01_ncsr,3,10,,
BC Partners Galileo (1) L.P. — Class 1,1/7/2022,Europe,3766751,4886209,Secondary Fund Investments — 40.4%,ea0289743-01_ncsr,3,11,,
BC Partners Galileo (1) L.P. — Class 2,1/7/2022,Europe,181195,247253,Secondary Fund Investments — 40.4%,ea0289743-01_ncsr,3,12,,
"Beecken Petty O’Keefe Fund IV, L.P.",9/30/2024,North America,103835,199896,Secondary Fund Investments — 40.4%,ea0289743-01_ncsr,3,13,,
"Blue Point Capital Partners III (A), L.P.",7/1/2025,North America,410819,2360387,Secondary Fund Investments — 40.4%,ea0289743-01_ncsr,3,14,,
"Blue Point Capital Partners IV (A), L.P.",7/1/2025,North America,14934220,13436324,Secondary Fund Investments — 40.4%,ea0289743-01_ncsr,3,15,,
Blue Sea Capital Fund I LP,9/30/2024,Europe,129884,123266,Secondary Fund Investments — 40.4%,ea0289743-01_ncsr,3,16,,
"Blue Wolf Capital Fund III, L.P.",9/30/2024,North America,8322403,11464096,Secondary Fund Investments — 40.4%,ea0289743-01_ncsr,3,17,,
"Brentwood Associates Opportunities Fund II-A, L.P.",7/18/2025,North America,34978087,45802524,Secondary Fund Investments — 40.4%,ea0289743-01_ncsr,3,18,,
BSP Pioneer Investors Feeder L.P.,9/29/2025,North America,37151676,41624789,Secondary Fund Investments — 40.4%,ea0289743-01_ncsr,3,19,,
"CapStreet IV, L.P.",9/30/2024,North America,4781483,2269773,Secondary Fund Investments — 40.4%,ea0289743-01_ncsr,3,20,,
"Carousel Capital Apex Rollover Partners, L.P.",9/30/2024,North America,1509204,2247404,Secondary Fund Investments — 40.4%,ea0289743-01_ncsr,3,21,,
"Carousel Capital Partners IV, L.P.",9/30/2024,North America,1754580,1146028,Secondary Fund Investments — 40.4%,ea0289743-01_ncsr,3,22,,
"Carrick Capital Partners, L.P.",9/30/2024,North America,1960094,1552067,Secondary Fund Investments — 40.4%,ea0289743-01_ncsr,3,23,,
"Catterton Growth Partners II, L.P.",9/30/2024,North America,13952005,12481532,Secondary Fund Investments — 40.4%,ea0289743-01_ncsr,3,24,,
"Centre Capital Investors VI, L.P.",9/30/2024,North America,4598753,3971097,Secondary Fund Investments — 40.4%,ea0289743-01_ncsr,3,25,,
"Centre Lane Partners III, L.P.",9/30/2024,North America,18135687,14253810,Secondary Fund Investments — 40.4%,ea0289743-01_ncsr,3,26,,
"Churchill Secondary Partners II (Blocker), LLC",6/26/2025,North America,24965178,28808101,Secondary Fund Investments — 40.4%,ea0289743-01_ncsr,3,27,,
"CPF Midway Fund-A, L.P.",3/19/2025,North America,14573530,18718174,Secondary Fund Investments — 40.4%,ea0289743-01_ncsr,3,28,,
"DFJ Growth 2006 Continuation, L.P.",11/1/2024,North America,22418653,85503573,Secondary Fund Investments — 40.4%,ea0289743-01_ncsr,3,29,,
"EDG Partners Fund II, L.P.",9/30/2024,North America,632105,850513,Secondary Fund Investments — 40.4%,ea0289743-01_ncsr,3,30,,
Edgewater Capital Partners III LP,9/30/2024,North America,2488995,495858,Secondary Fund Investments — 40.4%,ea0289743-01_ncsr,3,31,,
Envoy BDMI SPV LLC,6/3/2025,North America,21175207,30910180,Secondary Fund Investments — 40.4%,ea0289743-01_ncsr,3,32,,
EOS VP II FP LP,4/29/2025,North America,705932,1269483,Secondary Fund Investments — 40.4%,ea0289743-01_ncsr,3,33,,
EVP II LP,4/29/2025,North America,5647456,10022003,Secondary Fund Investments — 40.4%,ea0289743-01_ncsr,3,34,,
FB HA Holdings LP,1/7/2022,North America,390623,4364645,Secondary Fund Investments — 40.4%,ea0289743-01_ncsr,3,35,,
"Founders Circle Capital Co-Invest Series, L.P. — Series 8",5/24/2024,North America,15000000,19370825,Secondary Fund Investments — 40.4%,ea0289743-01_ncsr,3,36,,
"GA Continuity Fund II, L.P.",3/14/2025,North America,45585915,56901386,Secondary Fund Investments — 40.4%,ea0289743-01_ncsr,3,37,,
"Glouston Private Equity Opportunities VII(a), L.P.",5/29/2024,North America,15688324,16327585,Secondary Fund Investments — 40.4%,ea0289743-01_ncsr,3,38,,
"Gores Small Capitalization Partners, L.P.",9/30/2024,North America,,17467,Secondary Fund Investments — 40.4%,ea0289743-01_ncsr,3,39,,
"Great Hill Equity Partners V, L.P.",9/30/2025,North America,15244779,14971032,Secondary Fund Investments — 40.4%,ea0289743-01_ncsr,3,40,,
"Great Hill Equity Partners VI, L.P.",9/30/2025,North America,26586567,24778197,Secondary Fund Investments — 40.4%,ea0289743-01_ncsr,3,41,,
"Great Hill Equity Partners VII, L.P.",9/30/2025,North America,17884878,17100174,Secondary Fund Investments — 40.4%,ea0289743-01_ncsr,3,42,,
"Great Hill Equity Partners VIII, L.P.",9/30/2025,North America,15754698,14559061,Secondary Fund Investments — 40.4%,ea0289743-01_ncsr,3,43,,
"Green Equity Investors CF IV J, L.P.",5/29/2025,North America,1309674,1145187,Secondary Fund Investments — 40.4%,ea0289743-01_ncsr,5,2,,
"Green Equity Investors CF IV-C, L.P.",4/15/2025,North America,10580187,10785559,Secondary Fund Investments — 40.4%,ea0289743-01_ncsr,5,3,,
"Gridiron Capital Fund II, L.P.",9/30/2024,North America,1581243,254844,Secondary Fund Investments — 40.4%,ea0289743-01_ncsr,5,4,,
"Gryphon Partners 3.5, L.P.",9/30/2024,North America,90199,71550,Secondary Fund Investments — 40.4%,ea0289743-01_ncsr,5,5,,
GTCR Fund XIV/A&B LP,12/31/2025,North America,6022730,6561136,Secondary Fund Investments — 40.4%,ea0289743-01_ncsr,5,6,,
GTCR Strategic Growth Fund I/A&B LP,12/31/2025,North America,6083339,6192416,Secondary Fund Investments — 40.4%,ea0289743-01_ncsr,5,7,,
"Harvest Partners VI, L.P.",9/30/2024,North America,1957331,503779,Secondary Fund Investments — 40.4%,ea0289743-01_ncsr,5,8,,
"HCI Equity Partners IV, L.P.",9/30/2024,North America,8683847,5532141,Secondary Fund Investments — 40.4%,ea0289743-01_ncsr,5,9,,
"Health Velocity Capital II, L.P.",12/31/2025,North America,8898068,11258588,Secondary Fund Investments — 40.4%,ea0289743-01_ncsr,5,10,,
"Hellman & Friedman Capital Partners X, L.P.",3/31/2025,North America,62460165,65727178,Secondary Fund Investments — 40.4%,ea0289743-01_ncsr,5,11,,
"HGC 2025, L.P.",4/10/2025,North America,5436736,7058508,Secondary Fund Investments — 40.4%,ea0289743-01_ncsr,5,12,,
"Housatonic Equity Investors V, L.P.",9/30/2024,North America,3355426,3256260,Secondary Fund Investments — 40.4%,ea0289743-01_ncsr,5,13,,
"HPS KP Mezz 2019 Co-Invest, L.P.",4/1/2024,North America,37190448,52083003,Secondary Fund Investments — 40.4%,ea0289743-01_ncsr,5,14,,
"HPS KP SIP V Co-Investment Fund, L.P.",4/1/2024,North America,13065632,21117177,Secondary Fund Investments — 40.4%,ea0289743-01_ncsr,5,15,,
"HPS Offshore Mezzanine Partners 2019, LP",4/1/2024,North America,20906440,24851989,Secondary Fund Investments — 40.4%,ea0289743-01_ncsr,5,16,,
"HPS Offshore Strategic Investment Partners V, L.P.",4/1/2024,North America,24443685,29142413,Secondary Fund Investments — 40.4%,ea0289743-01_ncsr,5,17,,
ICG Ludgate Hill (Feeder) V-A Charger SCSp,3/22/2024,North America,10714868,13865465,Secondary Fund Investments — 40.4%,ea0289743-01_ncsr,5,18,,
"Icon Partners V, L.P.",1/7/2022,North America,8010026,10544993,Secondary Fund Investments — 40.4%,ea0289743-01_ncsr,5,19,,
"Incline Equity Partners III, L.P.",10/1/2024,North America,12165,23157,Secondary Fund Investments — 40.4%,ea0289743-01_ncsr,5,20,,
"JFL-NG Continuation Fund, L.P.",1/7/2022,North America,8040205,16211544,Secondary Fund Investments — 40.4%,ea0289743-01_ncsr,5,21,,
"JLL Partners Fund VIII Secondary (SV), L.P.",2/26/2025,Europe,17646592,21627190,Secondary Fund Investments — 40.4%,ea0289743-01_ncsr,5,22,,
"JMI Equity Fund IX-B, L.P.",12/31/2025,North America,25060156,25019204,Secondary Fund Investments — 40.4%,ea0289743-01_ncsr,5,23,,
"KarpReilly Capital Partners II, L.P.",9/30/2024,North America,7486099,8949678,Secondary Fund Investments — 40.4%,ea0289743-01_ncsr,5,24,,
LGP Sage PC Coinvest LP,11/20/2024,North America,14628014,22361849,Secondary Fund Investments — 40.4%,ea0289743-01_ncsr,5,25,,
"Lightspeed Ascent Fund, L.P.",11/18/2024,North America,9350000,12493155,Secondary Fund Investments — 40.4%,ea0289743-01_ncsr,5,26,,
"Liquid 2 Ventures Fund II, L.P.",12/31/2024,North America,7429552,13368574,Secondary Fund Investments — 40.4%,ea0289743-01_ncsr,5,27,,
LLCP LMM Acquisition Fund L.P.,11/20/2024,North America,7391354,8622291,Secondary Fund Investments — 40.4%,ea0289743-01_ncsr,5,28,,
"LLR Equity Partners IV, L.P.",9/30/2024,North America,1022910,2487168,Secondary Fund Investments — 40.4%,ea0289743-01_ncsr,5,29,,
"Mainsail Partners III, L.P.",9/30/2024,North America,5878779,4015269,Secondary Fund Investments — 40.4%,ea0289743-01_ncsr,5,30,,
"Marilyn Co-Invest, L.P.",4/1/2024,North America,32439003,44759293,Secondary Fund Investments — 40.4%,ea0289743-01_ncsr,5,31,,
"Marlin Equity III, L.P.",10/1/2024,North America,67226,66754,Secondary Fund Investments — 40.4%,ea0289743-01_ncsr,5,32,,
MCP Continuation Fund II Coöperatief U.A.,9/24/2025,Europe,30725597,30712822,Secondary Fund Investments — 40.4%,ea0289743-01_ncsr,5,33,,
Meridian Private Equity Select Co-Invest I SCSp,3/28/2025,North America,5509135,5998924,Secondary Fund Investments — 40.4%,ea0289743-01_ncsr,5,34,,
Meridian Private Equity Select Partnerships I SCSp,3/28/2025,North America,8797170,11159395,Secondary Fund Investments — 40.4%,ea0289743-01_ncsr,5,35,,
"MetLife Investment Private Equity Partners II (Feeder), L.P.",6/28/2024,North America,33124286,39382767,Secondary Fund Investments — 40.4%,ea0289743-01_ncsr,5,36,,
"Mezzanine Partners III, L.P.",9/30/2024,North America,4068281,4236916,Secondary Fund Investments — 40.4%,ea0289743-01_ncsr,5,37,,
MidOcean Partners V L.P.,9/30/2025,North America,18794000,20737886,Secondary Fund Investments — 40.4%,ea0289743-01_ncsr,5,38,,
MidOcean Partners VI L.P.,9/30/2025,North America,10192731,11314997,Secondary Fund Investments — 40.4%,ea0289743-01_ncsr,5,39,,
"Milano Co-Invest, L.P.",4/1/2024,North America,4018599,4000981,Secondary Fund Investments — 40.4%,ea0289743-01_ncsr,5,40,,
"Minerva Co-Invest, L.P.",4/1/2024,North America,8463661,12789283,Secondary Fund Investments — 40.4%,ea0289743-01_ncsr,5,41,,
Montagu+ SCSp,1/7/2022,Europe,1763686,2226284,Secondary Fund Investments — 40.4%,ea0289743-01_ncsr,7,2,,
"NEA Secondary Opportunity Fund, L.P.",7/10/2024,North America,22979606,49358514,Secondary Fund Investments — 40.4%,ea0289743-01_ncsr,7,3,,
"Novacap International TMT IV, L.P.",9/30/2024,North America,11871979,1873614,Secondary Fund Investments — 40.4%,ea0289743-01_ncsr,7,4,,
"NSH Verisma Holdco, L.P.",1/7/2022,North America,5515834,11372408,Secondary Fund Investments — 40.4%,ea0289743-01_ncsr,7,5,,
"Odyssey Investment Partners Fund V, LP",9/30/2024,North America,14250992,18009117,Secondary Fund Investments — 40.4%,ea0289743-01_ncsr,7,6,,
"Odyssey Investment Partners Fund VI-A, LP",10/1/2025,North America,127794621,108878210,Secondary Fund Investments — 40.4%,ea0289743-01_ncsr,7,7,,
"OFS Energy Fund III (Q), L.P.",9/30/2024,North America,783492,408576,Secondary Fund Investments — 40.4%,ea0289743-01_ncsr,7,8,,
"One Equity Partners VII-A, L.P.",6/30/2025,North America,17088456,18336700,Secondary Fund Investments — 40.4%,ea0289743-01_ncsr,7,9,,
"One Equity Partners VIII-A, L.P.",6/30/2025,North America,28253514,28674541,Secondary Fund Investments — 40.4%,ea0289743-01_ncsr,7,10,,
"Outlander I Archimedes, LP",12/31/2024,North America,775354,1251976,Secondary Fund Investments — 40.4%,ea0289743-01_ncsr,7,11,,
Overbay Capital Partners 2023 Fund Aggregator (AIV V) LP,12/23/2024,Europe,4165245,5775529,Secondary Fund Investments — 40.4%,ea0289743-01_ncsr,7,12,,
Overbay Capital Partners 2024 Fund Aggregator (AIV IV) LP,12/30/2024,North America,3893538,4446881,Secondary Fund Investments — 40.4%,ea0289743-01_ncsr,7,13,,
Overbay Capital Partners 2024 Fund Aggregator (AIV IX) LP,8/29/2025,North America,43464559,67777255,Secondary Fund Investments — 40.4%,ea0289743-01_ncsr,7,14,,
Overbay Capital Partners 2024 Fund Aggregator (AIV VI) Glencoe Investor II LP,5/22/2025,North America,29050000,40175189,Secondary Fund Investments — 40.4%,ea0289743-01_ncsr,7,15,,
"Palladium Equity Partners IV, L.P.",10/1/2024,North America,1680847,2156699,Secondary Fund Investments — 40.4%,ea0289743-01_ncsr,7,16,,
"ParkerGale Capital II, LP",3/31/2025,North America,21823855,26164627,Secondary Fund Investments — 40.4%,ea0289743-01_ncsr,7,17,,
Percheron Horsepower-A LP,9/22/2025,North America,20882778,27263649,Secondary Fund Investments — 40.4%,ea0289743-01_ncsr,7,18,,
PG Source Investment LLC,3/31/2025,North America,9274616,13370535,Secondary Fund Investments — 40.4%,ea0289743-01_ncsr,7,19,5007,
"Platte River Equity III, L.P.",9/30/2024,North America,456897,,Secondary Fund Investments — 40.4%,ea0289743-01_ncsr,7,20,,
PMH II SPV Bellflower LP,2/28/2025,North America,4691566,6204363,Secondary Fund Investments — 40.4%,ea0289743-01_ncsr,7,21,,
PMH II SPV Sunflower (Cayman) LP,10/24/2025,North America,36291718,58963499,Secondary Fund Investments — 40.4%,ea0289743-01_ncsr,7,22,,
Pontifax Global Food and Agriculture Technology Fund L.P.,12/31/2024,North America,1929735,1670552,Secondary Fund Investments — 40.4%,ea0289743-01_ncsr,7,23,,
"Quad Partners IV, L.P.",9/30/2024,North America,1588246,986666,Secondary Fund Investments — 40.4%,ea0289743-01_ncsr,7,24,,
"Riverside Fund V SQ-A, L.P.",9/30/2024,North America,4146825,5214572,Secondary Fund Investments — 40.4%,ea0289743-01_ncsr,7,25,,
"Riverside Micro-Cap Fund V, L.P.",9/30/2025,North America,3534718,6244924,Secondary Fund Investments — 40.4%,ea0289743-01_ncsr,7,26,,
"Riverside Micro-Cap Fund V-A, L.P.",9/30/2025,North America,7867591,13899982,Secondary Fund Investments — 40.4%,ea0289743-01_ncsr,7,27,,
"Riverside Micro-Cap Fund VI, L.P.",9/30/2025,North America,2690209,3002715,Secondary Fund Investments — 40.4%,ea0289743-01_ncsr,7,28,,
"Riverside Micro-Cap Fund VI-A, L.P.",9/30/2025,North America,5461889,6084259,Secondary Fund Investments — 40.4%,ea0289743-01_ncsr,7,29,,
"RoundTable Healthcare Partners III, L.P.",9/30/2024,North America,13005425,13852669,Secondary Fund Investments — 40.4%,ea0289743-01_ncsr,7,30,,
"RSK Topco, LP",3/17/2025,North America,19703397,27052733,Secondary Fund Investments — 40.4%,ea0289743-01_ncsr,7,31,19667377,
"SG Coinvest — C, L.P.",12/24/2025,North America,12767251,15384193,Secondary Fund Investments — 40.4%,ea0289743-01_ncsr,7,32,,
"Shamrock Capital Growth Fund III, L.P.",9/30/2024,North America,2689014,3210362,Secondary Fund Investments — 40.4%,ea0289743-01_ncsr,7,33,,
"ShoreView Capital Partners III, LP.",9/30/2024,North America,11485169,8308666,Secondary Fund Investments — 40.4%,ea0289743-01_ncsr,7,34,,
"SK Capital Partners III, L.P.",9/30/2024,North America,6381423,2546839,Secondary Fund Investments — 40.4%,ea0289743-01_ncsr,7,35,,
"SkyKnight Capital II CV B, L.P.",10/30/2024,North America,14482093,17019667,Secondary Fund Investments — 40.4%,ea0289743-01_ncsr,7,36,,
SkyKnight TG Holdings LP,8/1/2025,North America,1373591,1366995,Secondary Fund Investments — 40.4%,ea0289743-01_ncsr,7,37,,
"SPC Partners V, L.P.",9/30/2024,North America,2588770,2598173,Secondary Fund Investments — 40.4%,ea0289743-01_ncsr,7,38,,
"Stork SPV, LP",1/7/2022,North America,1538500,2908476,Secondary Fund Investments — 40.4%,ea0289743-01_ncsr,7,39,,
"TA XIV-A, L.P.",3/31/2025,North America,70607781,72915523,Secondary Fund Investments — 40.4%,ea0289743-01_ncsr,7,40,,
"The Veritas Capital Fund VIII, L.P.",3/31/2025,North America,54372709,59051134,Secondary Fund Investments — 40.4%,ea0289743-01_ncsr,7,41,,
TPG Atlas Partners L.P.,11/12/2025,North America,5000000,5787162,Secondary Fund Investments — 40.4%,ea0289743-01_ncsr,7,42,,
"Trinity Hunt Partners IV, L.P.",9/30/2024,North America,5059277,5691829,Secondary Fund Investments — 40.4%,ea0289743-01_ncsr,9,2,,
"Trinity Ventures 2024, L.P.",12/20/2024,North America,18518206,17183861,Secondary Fund Investments — 40.4%,ea0289743-01_ncsr,9,3,,
Trive Capital Fund I LP,9/30/2024,North America,1234135,1228072,Secondary Fund Investments — 40.4%,ea0289743-01_ncsr,9,4,,
TriWest Capital Partners IV (US) LP,9/30/2024,North America,2471447,2100465,Secondary Fund Investments — 40.4%,ea0289743-01_ncsr,9,5,,
"TSCP CV I, L.P.",1/7/2022,North America,4852976,4969475,Secondary Fund Investments — 40.4%,ea0289743-01_ncsr,9,6,,
"TSCP CV II, L.P.",9/6/2024,North America,15360239,23042005,Secondary Fund Investments — 40.4%,ea0289743-01_ncsr,9,7,,
"Vida Ventures II, LLC",12/31/2024,North America,1167097,4205834,Secondary Fund Investments — 40.4%,ea0289743-01_ncsr,9,8,,
Vida Ventures LLC,12/31/2024,North America,532772,2390013,Secondary Fund Investments — 40.4%,ea0289743-01_ncsr,9,9,,
"Vista Foundation Fund IV, L.P.",10/1/2025,North America,14119836,13609576,Secondary Fund Investments — 40.4%,ea0289743-01_ncsr,9,10,,
VV Atreus Special Fund LLC,12/31/2024,North America,557697,644767,Secondary Fund Investments — 40.4%,ea0289743-01_ncsr,9,11,,
"Water Street Healthcare Partners III, L.P.",9/30/2024,North America,5618586,5415806,Secondary Fund Investments — 40.4%,ea0289743-01_ncsr,9,12,,
"Windjammer Senior Equity Fund IV, L.P.",9/30/2024,North America,3017431,2544721,Secondary Fund Investments — 40.4%,ea0289743-01_ncsr,9,13,,
26N Nova Co-Investment Partners LP,10/16/2025,North America,60000000,65268365,Equity Co-Investments — 31.5%,ea0289743-01_ncsr,9,16,,
26N Onelife Co-Investment Partners-A LP,10/10/2024,North America,10333333,13285728,Equity Co-Investments — 31.5%,ea0289743-01_ncsr,9,17,,
"A2 Biotherapeutics — Series C Preferred, 6.00% PIK",12/30/2024,North America,9999999,9999999,Equity Co-Investments — 31.5%,ea0289743-01_ncsr,9,18,13513513,
"AH Parent Inc (Alliant Inc) — Class A Preferred, 10.00%",9/26/2024,North America,14775000,14722161,Equity Co-Investments — 31.5%,ea0289743-01_ncsr,9,19,15000,
"Alliant, Inc. — Class A-1 Common",12/12/2024,North America,10000000,22430562,Equity Co-Investments — 31.5%,ea0289743-01_ncsr,9,20,2000000,
"Avathon Oculus IT Co-Investor, LLC",4/21/2025,North America,27000000,33544522,Equity Co-Investments — 31.5%,ea0289743-01_ncsr,9,21,27000,
"BayHawk Fund I Aeroplane SPV, LLC",12/20/2024,North America,7131022,7042466,Equity Co-Investments — 31.5%,ea0289743-01_ncsr,9,22,,
"BPCP NSA Holdings, Inc. — Common",5/15/2024,North America,3000000,3770096,Equity Co-Investments — 31.5%,ea0289743-01_ncsr,9,23,3000,
"BPCP NSA Holdings, Inc. — Preferred",5/15/2024,North America,9000000,9000000,Equity Co-Investments — 31.5%,ea0289743-01_ncsr,9,24,6000,
"BSP-TS Co-Invest I, LLC",1/7/2022,North America,5204646,33319,Equity Co-Investments — 31.5%,ea0289743-01_ncsr,9,25,,
"Cape One Alpha Investment Holdings LLC — Series A, 8.00% PIK",9/5/2025,North America,16500000,16500000,Equity Co-Investments — 31.5%,ea0289743-01_ncsr,9,26,16500000,
"Circle Pharma, Inc. — Series D, 8.00% PIK",8/29/2024,North America,10000000,10000000,Equity Co-Investments — 31.5%,ea0289743-01_ncsr,9,27,15931176,
Earned Growth Investors I LP,12/3/2024,North America,12625000,16759917,Equity Co-Investments — 31.5%,ea0289743-01_ncsr,9,28,,
"Echo Buyout ll, L.P.",3/19/2026,North America,40376987,39803172,Equity Co-Investments — 31.5%,ea0289743-01_ncsr,9,29,,
"Echo Buyout, L.P.",10/15/2025,North America,10027994,10262484,Equity Co-Investments — 31.5%,ea0289743-01_ncsr,9,30,,
"Entro Co-Invest, LP — Class A Common",10/24/2025,Europe,9059569,9014544,Equity Co-Investments — 31.5%,ea0289743-01_ncsr,9,31,7725,
"EPP Holdings, LLC",1/7/2022,North America,2605817,4152761,Equity Co-Investments — 31.5%,ea0289743-01_ncsr,9,32,260000,
"Fairview Applied 2025, L.P.",6/5/2025,North America,7583333,7784993,Equity Co-Investments — 31.5%,ea0289743-01_ncsr,9,33,,
"Founders Circle Capital Co-Invest Series, L.P. — Series 10",3/14/2025,North America,20000000,31419017,Equity Co-Investments — 31.5%,ea0289743-01_ncsr,9,34,,
"Franklin Ventures Investments, L.P. — Opportunities Fund Series VI",4/17/2025,North America,10000000,9001147,Equity Co-Investments — 31.5%,ea0289743-01_ncsr,9,35,,
"Gallant Screening Holdco, Inc.",1/7/2022,North America,4645007,6468593,Equity Co-Investments — 31.5%,ea0289743-01_ncsr,9,36,,
GC Ferry Co-Invest II LP,7/31/2025,North America,16200000,20419980,Equity Co-Investments — 31.5%,ea0289743-01_ncsr,9,37,,
GHW Ventures LP — SCMF ModRetro Series A,3/12/2026,North America,2940000,2940000,Equity Co-Investments — 31.5%,ea0289743-01_ncsr,9,38,,
"GSP Sarasota Co-Invest Fund, L.P.",3/5/2026,North America,10190207,10190207,Equity Co-Investments — 31.5%,ea0289743-01_ncsr,9,39,,
"Haveli Aston Co-Invest, L.P.",5/28/2025,North America,10805546,16464190,Equity Co-Investments — 31.5%,ea0289743-01_ncsr,9,40,,
"Haveli Cascade Co-Invest l, L.P.",9/19/2025,North America,20039162,20002820,Equity Co-Investments — 31.5%,ea0289743-01_ncsr,9,41,,
"Health Velocity Capital IVX Special Situation Fund, L.P.",5/22/2024,North America,13575000,28045054,Equity Co-Investments — 31.5%,ea0289743-01_ncsr,9,42,,
"HiBid Aggregator, LP",9/25/2024,North America,10000000,14164153,Equity Co-Investments — 31.5%,ea0289743-01_ncsr,11,2,10000,
"HP Prestige Co-Invest Blocker Aggregator, LP",7/18/2025,North America,13000000,13265122,Equity Co-Investments — 31.5%,ea0289743-01_ncsr,11,3,,
"Insight Hideaway Aggregator, L.P.",4/3/2024,North America,10400000,14536898,Equity Co-Investments — 31.5%,ea0289743-01_ncsr,11,4,,
"JFL-Tiger Co-Invest Partners, L.P.",7/31/2024,North America,8122426,17445478,Equity Co-Investments — 31.5%,ea0289743-01_ncsr,11,5,,
"Khosla Ventures OAI, LLC",10/1/2024,North America,15003704,54311091,Equity Co-Investments — 31.5%,ea0289743-01_ncsr,11,6,,
Klick Ventures Inc. Class F — Common,11/5/2025,North America,5000000,5000000,Equity Co-Investments — 31.5%,ea0289743-01_ncsr,11,7,5000000,
KRC PEX Feeder Blocked LP,11/26/2025,North America,14890016,15094458,Equity Co-Investments — 31.5%,ea0289743-01_ncsr,11,8,,
"KRESA Co-Invest, L.P.",12/22/2025,North America,5000000,5000000,Equity Co-Investments — 31.5%,ea0289743-01_ncsr,11,9,5000,
"Liberty Hall Capital Paxia Partners, L.P.",6/27/2025,North America,15000000,14928496,Equity Co-Investments — 31.5%,ea0289743-01_ncsr,11,10,,
"Lightspeed SPV-A2, LLC",8/14/2025,North America,10061000,16994480,Equity Co-Investments — 31.5%,ea0289743-01_ncsr,11,11,,
"Mahseer Holdings, LLC",3/11/2026,North America,50000000,50000000,Equity Co-Investments — 31.5%,ea0289743-01_ncsr,11,12,1805,
MCP Co-Investment Fund V Coöperatief U.A.,5/9/2025,Europe,7476426,9921711,Equity Co-Investments — 31.5%,ea0289743-01_ncsr,11,13,,
MCP Co-Investment Fund VI Coöperatief U.A.,9/23/2025,Europe,11097345,11825410,Equity Co-Investments — 31.5%,ea0289743-01_ncsr,11,14,,
"MDCP Co-Investors (Chicago-C), L.P.",10/28/2025,North America,30000000,35100674,Equity Co-Investments — 31.5%,ea0289743-01_ncsr,11,15,,
Menlo Ridgeview Co-Invest LLC,5/16/2025,North America,50531704,48439721,Equity Co-Investments — 31.5%,ea0289743-01_ncsr,11,16,,
"NEA CH 2026 SPV, L.P.",3/23/2026,North America,5000000,5013421,Equity Co-Investments — 31.5%,ea0289743-01_ncsr,11,17,,
"NEA CH SPV, L.P.",5/9/2024,North America,10009678,14319910,Equity Co-Investments — 31.5%,ea0289743-01_ncsr,11,18,,
"NEA PLA 2025 SPV, L.P.",4/3/2025,North America,10078591,12299365,Equity Co-Investments — 31.5%,ea0289743-01_ncsr,11,19,,
"NEA TS 2024 SPV, L.P.",7/22/2024,North America,4013987,5470261,Equity Co-Investments — 31.5%,ea0289743-01_ncsr,11,20,,
"NGM Bio Holdings, Inc. — Series A",7/5/2024,North America,15000000,15000000,Equity Co-Investments — 31.5%,ea0289743-01_ncsr,11,21,5000000,
NoHo Holdings III LLC,12/3/2024,North America,431416,37205,Equity Co-Investments — 31.5%,ea0289743-01_ncsr,11,22,,
"North American Essential Services Aggregator, LP",1/7/2022,North America,4219307,4553727,Equity Co-Investments — 31.5%,ea0289743-01_ncsr,11,23,2684,
"Novacap DI Co-Investment (All West), L.P.",10/3/2024,North America,4929214,5010804,Equity Co-Investments — 31.5%,ea0289743-01_ncsr,11,24,,
"Novacap International TMT VI Co-Investment (NDT), L.P.",5/29/2025,North America,19450462,20995872,Equity Co-Investments — 31.5%,ea0289743-01_ncsr,11,25,,
"Novacap International TMT VI Co-Investment (Igloo), L.P.",12/11/2025,North America,41402902,41397441,Equity Co-Investments — 31.5%,ea0289743-01_ncsr,11,26,,
"OceanSound Partners Co-Invest II, LP — Series D",1/7/2022,North America,4097670,4458857,Equity Co-Investments — 31.5%,ea0289743-01_ncsr,11,27,,
"Odyssey Investment Partners VI Mercalis Co-Invest, LP",6/9/2025,North America,20169131,19902450,Equity Co-Investments — 31.5%,ea0289743-01_ncsr,11,28,,
"OEP VIII Project Laser Co-Investment Partners, L.P.",3/17/2023,North America,2560062,5544195,Equity Co-Investments — 31.5%,ea0289743-01_ncsr,11,29,,
"Onward 2 Co-Invest Aggregator, L.P.",3/25/2026,North America,40209672,40209672,Equity Co-Investments — 31.5%,ea0289743-01_ncsr,11,30,,
"PACT-Forge Co-Investment Fund, L.P.",11/7/2025,North America,912980,902701,Equity Co-Investments — 31.5%,ea0289743-01_ncsr,11,31,,
"Paxia Holdings LP — Preferred, 15.00% PIK",6/26/2025,North America,10000000,10000000,Equity Co-Investments — 31.5%,ea0289743-01_ncsr,11,32,100,
"Project Silver Co-Invest, L.P.",12/4/2025,North America,25097442,25002934,Equity Co-Investments — 31.5%,ea0289743-01_ncsr,11,33,,
PSC Tiger LP,9/4/2024,Europe,17978946,22021620,Equity Co-Investments — 31.5%,ea0289743-01_ncsr,11,34,,
"RCAF CCG, L.P.",12/29/2025,North America,50000000,50000000,Equity Co-Investments — 31.5%,ea0289743-01_ncsr,11,35,,
"RCAF DAWGS, L.P.",3/26/2025,North America,15000000,17587321,Equity Co-Investments — 31.5%,ea0289743-01_ncsr,11,36,,
"RCR Equity, LP — Class A Common",4/30/2024,North America,56000,3131037,Equity Co-Investments — 31.5%,ea0289743-01_ncsr,11,37,56000,
"RCR Equity, LP — Class A Preferred, 8.00% PIK",4/30/2024,North America,2839016,2839016,Equity Co-Investments — 31.5%,ea0289743-01_ncsr,11,38,5544000,
"Resurgens III Co-Invest A, L.P.",2/23/2026,North America,7500000,7500000,Equity Co-Investments — 31.5%,ea0289743-01_ncsr,11,39,,
"Retym, Inc. — Series D",1/29/2025,North America,4999997,4999997,Equity Co-Investments — 31.5%,ea0289743-01_ncsr,11,40,472277,
"Revelar GSMS Fund, L.P.",3/31/2026,North America,75000000,75000000,Equity Co-Investments — 31.5%,ea0289743-01_ncsr,13,2,,
"SAS Vehicle I, L.P.",12/30/2024,North America,30190794,37442848,Equity Co-Investments — 31.5%,ea0289743-01_ncsr,13,3,,
"Schulerhilfe Co-Invest, L.P.",5/13/2025,Europe,10319818,13068590,Equity Co-Investments — 31.5%,ea0289743-01_ncsr,13,4,100000,
SDC Co-Invest Holdings LP,9/25/2025,North America,10081343,8823980,Equity Co-Investments — 31.5%,ea0289743-01_ncsr,13,5,10000,
SEWP Co-Invest LP,10/8/2025,Europe,20196843,19648060,Equity Co-Investments — 31.5%,ea0289743-01_ncsr,13,6,,
Smash Capital Trend Holdco SPV LP,8/12/2024,North America,20671271,43410343,Equity Co-Investments — 31.5%,ea0289743-01_ncsr,13,7,,
Sprinkler 2024 Co-Investment I (Feeder) SCSp,3/10/2025,Europe,32513566,52218025,Equity Co-Investments — 31.5%,ea0289743-01_ncsr,13,8,,
"TA Investors Thunderbolt, L.P.",1/29/2026,North America,14477966,14477967,Equity Co-Investments — 31.5%,ea0289743-01_ncsr,13,9,,
"TCV Beat Co, L.P.",9/27/2024,Europe,5045751,6859651,Equity Co-Investments — 31.5%,ea0289743-01_ncsr,13,10,,
"TCV Cedar Co, L.P.",10/24/2025,North America,10689998,11430464,Equity Co-Investments — 31.5%,ea0289743-01_ncsr,13,11,,
"TCV Juniper Co, L.P.",5/19/2025,North America,5046906,4960762,Equity Co-Investments — 31.5%,ea0289743-01_ncsr,13,12,,
Themis Solutions Inc. — Class G-1 Preferred,11/4/2025,North America,24999958,24999958,Equity Co-Investments — 31.5%,ea0289743-01_ncsr,13,13,549049,
"Tinicum Space Coast Co-Invest, LLC",10/29/2024,North America,30000000,35820163,Equity Co-Investments — 31.5%,ea0289743-01_ncsr,13,14,,
"TPG Growth VI Iron CI, LP",10/15/2025,North America,50000000,50000000,Equity Co-Investments — 31.5%,ea0289743-01_ncsr,13,15,,
TPG IX Cardiff CI IV L.P.,12/29/2025,North America,25221583,30000000,Equity Co-Investments — 31.5%,ea0289743-01_ncsr,13,16,,
"TSS Co-Invest Holdings, LP",9/9/2022,North America,5010222,8163811,Equity Co-Investments — 31.5%,ea0289743-01_ncsr,13,17,,
T-X Ultra Co-Invest LP,6/27/2025,North America,25116667,27915448,Equity Co-Investments — 31.5%,ea0289743-01_ncsr,13,18,,
VCF Compass Co-Investor Holdings II L.P.,3/19/2025,North America,1317088,1728953,Equity Co-Investments — 31.5%,ea0289743-01_ncsr,13,19,,
VCF Compass Co-Investor Holdings L.P.,4/25/2024,North America,10000807,14411129,Equity Co-Investments — 31.5%,ea0289743-01_ncsr,13,20,,
Violet Investors LP,9/12/2024,North America,12443147,39629891,Equity Co-Investments — 31.5%,ea0289743-01_ncsr,13,21,,
Vitu Co-Invest LP,1/8/2025,North America,5250000,7027323,Equity Co-Investments — 31.5%,ea0289743-01_ncsr,13,22,,
"WP Cubs Co-Investment, L.P.",3/16/2026,North America,50305320,50367350,Equity Co-Investments — 31.5%,ea0289743-01_ncsr,13,23,50000000,
XN Opportunities IX LP,11/4/2025,North America,10175000,9969027,Equity Co-Investments — 31.5%,ea0289743-01_ncsr,13,24,,
XN Opportunities VIII LP,10/3/2025,North America,10025000,11906999,Equity Co-Investments — 31.5%,ea0289743-01_ncsr,13,25,,
"XN Opportunities X, LP",3/30/2026,North America,5004000,5054364,Equity Co-Investments — 31.5%,ea0289743-01_ncsr,13,26,,
"CCOF III Nexus Co-Invest Aggregator, L.P.",3/22/2024,Europe,3615905,5921200,Credit Co-Investments — 3.2%,ea0289743-01_ncsr,13,31,,
"Cheval Blanc Co-Invest, L.P.",2/25/2025,North America,14649107,17154815,Credit Co-Investments — 3.2%,ea0289743-01_ncsr,13,32,,
"Chrome Investors, LP",2/10/2025,North America,24006787,27681873,Credit Co-Investments — 3.2%,ea0289743-01_ncsr,13,33,,
"Circle Pharma, Inc., Convertible Note, USD 8.00%, 10/1/2027",10/1/2025,North America,5000000,4972017,Credit Co-Investments — 3.2%,ea0289743-01_ncsr,13,34,5000000,
"CP ACP, LLC, 13.75% PIK",6/12/2024,North America,5468260,5560000,Credit Co-Investments — 3.2%,ea0289743-01_ncsr,13,35,5560,
"Term Loan, USD 13.75%, 4/05/2031",4/5/2024,North America,8350486,8300529,Credit Co-Investments — 3.2%,ea0289743-01_ncsr,13,37,8369421,
"Delayed Draw, USD 13.75%, 4/05/2031",4/5/2024,North America,4585201,4558022,Credit Co-Investments — 3.2%,ea0289743-01_ncsr,13,38,4595852,
"Term Loan, USD 12.75%, 4/05/2031",9/19/2025,North America,4567393,4462975,Credit Co-Investments — 3.2%,ea0289743-01_ncsr,13,39,4647770,
"Delayed Draw, USD 12.75%, 4/05/2031",9/19/2025,North America,890339,870111,Credit Co-Investments — 3.2%,ea0289743-01_ncsr,13,40,906139,
Gramercy PG Holdings II LP,8/20/2024,Europe,9828000,12147907,Credit Co-Investments — 3.2%,ea0289743-01_ncsr,13,41,,
"Nader Upside 2 Sarl, EUR PIK Term Loan, 3 mo. EURIBOR+9.25%, 11.38% EUR, 3/13/30",3/14/2024,Europe,5199392,5382058,Credit Co-Investments — 3.2%,ea0289743-01_ncsr,13,42,4790924,
"RCAF CCG, L.P.",12/29/2025,North America,70000000,70000000,Credit Co-Investments — 3.2%,ea0289743-01_ncsr,15,2,,
"Symbiotic Capital EB Fund, L.P.",3/7/2024,North America,5061912,5779029,Credit Co-Investments — 3.2%,ea0289743-01_ncsr,15,3,,
Dawson Partners Portfolio Finance Evergreen (Aggregator) Blocker LP,8/25/2025,North America,4784,93164,Private Equity — 0.0%,ea0289743-01_ncsr,15,7,,
Cliffwater Corporate Lending Fund — Class I,,North America,100000000,99246704,Registered Funds — 1.8%,ea0289743-01_ncsr,15,11,,9416196
"State Street Institutional U.S. Government Money Market Fund, 3.60%",,,250944884,250944884,Short-Term Investments — 4.6%,ea0289743-01_ncsr,15,15,,250944844
