portfolio_company,investment_type,interest_rate,reference_rate,basis_points_spread,maturity_date,currency,principal_amount,cost,fair_value,footnotes,first_acquisition_date,asset_class,industry,part,table_index,row_index
AG Asset Based Credit Fund L.P.,Investment Partnership,,,,,USD,0,60500000,64842441,,,Private Investment Vehicles — 80.2%,Investment Partnerships — 68.7%,ea165252_ncsrs,1,3
"AG Essential Housing Fund II Holdings (DE), L.P.",Investment Partnership,,,,,USD,0,6450000,7108037,,,Private Investment Vehicles — 80.2%,Investment Partnerships — 68.7%,ea165252_ncsrs,1,4
Ares Commercial Finance Feeder (B) LP,Investment Partnership,,,,,USD,0,13131161,13774474,,,Private Investment Vehicles — 80.2%,Investment Partnerships — 68.7%,ea165252_ncsrs,1,5
"Ares Commercial Finance, LP",Investment Partnership,,,,,USD,0,15404552,18839238,,,Private Investment Vehicles — 80.2%,Investment Partnerships — 68.7%,ea165252_ncsrs,1,6
"Ares Pathfinder Fund II, LP",Investment Partnership,,,,,USD,0,,"(19,749)",,,Private Investment Vehicles — 80.2%,Investment Partnerships — 68.7%,ea165252_ncsrs,1,7
Ares Priority Loan Co-Invest LP,Investment Partnership,,,,,USD,0,24500000,24847072,,,Private Investment Vehicles — 80.2%,Investment Partnerships — 68.7%,ea165252_ncsrs,1,8
"Ares Private Credit Solutions (Cayman), L.P.",Investment Partnership,,,,,USD,0,21204116,25387964,,,Private Investment Vehicles — 80.2%,Investment Partnerships — 68.7%,ea165252_ncsrs,1,9
"Ares Special Opportunities Fund II, LP",Investment Partnership,,,,,USD,0,14994578,15098341,,,Private Investment Vehicles — 80.2%,Investment Partnerships — 68.7%,ea165252_ncsrs,1,10
"Atalaya A4 (Cayman), LP",Investment Partnership,,,,,USD,0,31129697,30810039,,,Private Investment Vehicles — 80.2%,Investment Partnerships — 68.7%,ea165252_ncsrs,1,11
"Atalaya Asset Income Fund Evergreen, LP",Investment Partnership,,,,,USD,0,9969855,9780484,,,Private Investment Vehicles — 80.2%,Investment Partnerships — 68.7%,ea165252_ncsrs,1,12
"Axonic Private Credit Fund I, LP",Investment Partnership,,,,,USD,0,5235849,5332560,,,Private Investment Vehicles — 80.2%,Investment Partnerships — 68.7%,ea165252_ncsrs,1,13
"Banner Ridge DSCO Fund I, LP",Investment Partnership,,,,,USD,0,10375057,18331817,,,Private Investment Vehicles — 80.2%,Investment Partnerships — 68.7%,ea165252_ncsrs,1,14
"Banner Ridge DSCO Fund II (Offshore), LP",Investment Partnership,,,,,USD,0,,1685736,,,Private Investment Vehicles — 80.2%,Investment Partnerships — 68.7%,ea165252_ncsrs,1,15
"Banner Ridge Secondary Fund IV (Offshore), LP",Investment Partnership,,,,,USD,0,4710307,8534832,,,Private Investment Vehicles — 80.2%,Investment Partnerships — 68.7%,ea165252_ncsrs,1,16
"Banner Ridge Secondary Fund V (Offshore), LP",Investment Partnership,,,,,USD,0,6853604,11517970,,,Private Investment Vehicles — 80.2%,Investment Partnerships — 68.7%,ea165252_ncsrs,1,17
Benefit Street Partners Real Estate Opportunistic Debt Fund L.P.,Investment Partnership,,,,,USD,0,56720865,64865926,,,Private Investment Vehicles — 80.2%,Investment Partnerships — 68.7%,ea165252_ncsrs,1,18
"Blue Owl First Lien Fund (Offshore), L.P.",Investment Partnership,,,,,USD,0,4103056,4834807,,,Private Investment Vehicles — 80.2%,Investment Partnerships — 68.7%,ea165252_ncsrs,1,19
Blue Owl Real Estate Fund VI,Investment Partnership,,,,,USD,0,2963871,2984295,,,Private Investment Vehicles — 80.2%,Investment Partnerships — 68.7%,ea165252_ncsrs,1,20
"BPC Real Estate Debt Fund, LP",Investment Partnership,,,,,USD,0,28600000,29603131,,,Private Investment Vehicles — 80.2%,Investment Partnerships — 68.7%,ea165252_ncsrs,1,21
BSOF Parallel Onshore Fund L.P. (Class Absolute III Series 3 Interests),Investment Partnership,,,,,USD,0,5000000,5048744,,,Private Investment Vehicles — 80.2%,Investment Partnerships — 68.7%,ea165252_ncsrs,1,22
BSOF Parallel Onshore Fund L.P. (Class Olympic Srt Interests),Investment Partnership,,,,,USD,0,67031000,67644574,,,Private Investment Vehicles — 80.2%,Investment Partnerships — 68.7%,ea165252_ncsrs,1,23
Burford Advantage Feeder Fund A LP,Investment Partnership,,,,,USD,0,11247567,11685436,,,Private Investment Vehicles — 80.2%,Investment Partnerships — 68.7%,ea165252_ncsrs,1,24
"Callodine Perpetual ABL Fund, LP",Investment Partnership,,,,,USD,0,94963325,93967618,,,Private Investment Vehicles — 80.2%,Investment Partnerships — 68.7%,ea165252_ncsrs,1,25
"Carlyle Credit Opportunities Fund (Parallel) II, SCSp",Investment Partnership,,,,,USD,0,8847309,8877641,,,Private Investment Vehicles — 80.2%,Investment Partnerships — 68.7%,ea165252_ncsrs,1,26
"Comvest Special Opportunities Fund, L.P.",Investment Partnership,,,,,USD,0,8631420,10103968,,,Private Investment Vehicles — 80.2%,Investment Partnerships — 68.7%,ea165252_ncsrs,3,3
"Contingency Capital Fund I-A, LP",Investment Partnership,,,,,USD,0,36901562,42464662,,,Private Investment Vehicles — 80.2%,Investment Partnerships — 68.7%,ea165252_ncsrs,3,4
"Crestline PF Sentry Fund, LP",Investment Partnership,,,,,USD,0,1296429,1296429,,,Private Investment Vehicles — 80.2%,Investment Partnerships — 68.7%,ea165252_ncsrs,3,5
"Crestline Specialty Lending III (U.S.), L.P.",Investment Partnership,,,,,USD,0,12863717,13880170,,,Private Investment Vehicles — 80.2%,Investment Partnerships — 68.7%,ea165252_ncsrs,3,6
"D.E. Shaw Diopter International Fund, L.P.",Investment Partnership,,,,,USD,0,37979499,36377208,,,Private Investment Vehicles — 80.2%,Investment Partnerships — 68.7%,ea165252_ncsrs,3,7
"Everberg Capital Partners II, L.P.",Investment Partnership,,,,,USD,0,9925053,10319425,,,Private Investment Vehicles — 80.2%,Investment Partnerships — 68.7%,ea165252_ncsrs,3,8
"Felicitas Secondary Fund II Offshore, LP",Investment Partnership,,,,,USD,0,9794515,13604733,,,Private Investment Vehicles — 80.2%,Investment Partnerships — 68.7%,ea165252_ncsrs,3,9
"Felicitas Tactical Opportunities Fund, LP",Investment Partnership,,,,,USD,0,39860000,51752931,,,Private Investment Vehicles — 80.2%,Investment Partnerships — 68.7%,ea165252_ncsrs,3,10
"Harvest Partners Structured Capital Fund III, L.P.",Investment Partnership,,,,,USD,0,11553374,12760636,,,Private Investment Vehicles — 80.2%,Investment Partnerships — 68.7%,ea165252_ncsrs,3,11
"Hayfin Healthcare Opportunities Fund (US Parallel), LP",Investment Partnership,,,,,USD,0,13087654,15042390,,,Private Investment Vehicles — 80.2%,Investment Partnerships — 68.7%,ea165252_ncsrs,3,12
"Hercules Private Global Venture Growth Fund I, L.P.",Investment Partnership,,,,,USD,0,130464177,135696139,,,Private Investment Vehicles — 80.2%,Investment Partnerships — 68.7%,ea165252_ncsrs,3,13
"HPS Offshore Strategic Investment Partners V, LP",Investment Partnership,,,,,USD,0,5364472,5612735,,,Private Investment Vehicles — 80.2%,Investment Partnerships — 68.7%,ea165252_ncsrs,3,14
"HPS Specialty Loan Fund V-L, L.P.",Investment Partnership,,,,,USD,0,20707340,21497733,,,Private Investment Vehicles — 80.2%,Investment Partnerships — 68.7%,ea165252_ncsrs,3,15
"King Street Opportunistic Credit Evergreen Fund, L.P.",Investment Partnership,,,,,USD,0,50000000,53257000,,,Private Investment Vehicles — 80.2%,Investment Partnerships — 68.7%,ea165252_ncsrs,3,16
"Linden Structured Capital Fund-A, LP",Investment Partnership,,,,,USD,0,18743680,23501201,,,Private Investment Vehicles — 80.2%,Investment Partnerships — 68.7%,ea165252_ncsrs,3,17
Madison Realty Capital Debt Fund IV LP,Investment Partnership,,,,,USD,0,12446458,17308712,,,Private Investment Vehicles — 80.2%,Investment Partnerships — 68.7%,ea165252_ncsrs,3,18
"NB Credit Opportunities II Cayman Feeder, LP",Investment Partnership,,,,,USD,0,13057893,15104238,,,Private Investment Vehicles — 80.2%,Investment Partnerships — 68.7%,ea165252_ncsrs,3,19
"OrbiMed RCO IV Offshore Feeder, LP",Investment Partnership,,,,,USD,0,7516840,7672168,,,Private Investment Vehicles — 80.2%,Investment Partnerships — 68.7%,ea165252_ncsrs,3,20
"Pathlight Capital Evergreen Fund, LP",Investment Partnership,,,,,USD,0,34143592,36538557,,,Private Investment Vehicles — 80.2%,Investment Partnerships — 68.7%,ea165252_ncsrs,3,21
"Pathlight Capital Fund II, LP",Investment Partnership,,,,,USD,0,33509680,34314639,,,Private Investment Vehicles — 80.2%,Investment Partnerships — 68.7%,ea165252_ncsrs,5,3
"Pennybacker Real Estate Credit II Pacific, LLC",Investment Partnership,,,,,USD,0,2467491,2127110,,,Private Investment Vehicles — 80.2%,Investment Partnerships — 68.7%,ea165252_ncsrs,5,4
"Pennybacker Real Estate Credit II, LP",Investment Partnership,,,,,USD,0,18149241,18358751,,,Private Investment Vehicles — 80.2%,Investment Partnerships — 68.7%,ea165252_ncsrs,5,5
Raven Asset-Based Credit Fund II LP,Investment Partnership,,,,,USD,0,18428649,20478554,,,Private Investment Vehicles — 80.2%,Investment Partnerships — 68.7%,ea165252_ncsrs,5,6
"Raven Evergreen Credit Fund II, LP",Investment Partnership,,,,,USD,0,73449477,82065610,,,Private Investment Vehicles — 80.2%,Investment Partnerships — 68.7%,ea165252_ncsrs,5,7
"Shamrock Capital Debt Opportunities Fund I, LP",Investment Partnership,,,,,USD,0,9747088,9864871,,,Private Investment Vehicles — 80.2%,Investment Partnerships — 68.7%,ea165252_ncsrs,5,8
"Silver Point Specialty Credit Fund II, L.P.",Investment Partnership,,,,,USD,0,30001306,28278395,,,Private Investment Vehicles — 80.2%,Investment Partnerships — 68.7%,ea165252_ncsrs,5,9
"Sixth Street Growth Partners II (B), L.P.",Investment Partnership,,,,,USD,0,1770876,1733810,,,Private Investment Vehicles — 80.2%,Investment Partnerships — 68.7%,ea165252_ncsrs,5,10
"Sky Fund V Offshore, LP",Investment Partnership,,,,,USD,0,36063488,39529025,,,Private Investment Vehicles — 80.2%,Investment Partnerships — 68.7%,ea165252_ncsrs,5,11
"Summit Partners Credit Offshore Fund II, L.P.",Investment Partnership,,,,,USD,0,6919667,7606913,,,Private Investment Vehicles — 80.2%,Investment Partnerships — 68.7%,ea165252_ncsrs,5,12
Thompson Rivers LLC,Investment Partnership,,,,,USD,0,1774278,904478,,,Private Investment Vehicles — 80.2%,Investment Partnerships — 68.7%,ea165252_ncsrs,5,13
"Thorofare Asset Based Lending Fund V, L.P.",Investment Partnership,,,,,USD,0,30401096,31408493,,,Private Investment Vehicles — 80.2%,Investment Partnerships — 68.7%,ea165252_ncsrs,5,14
Tinicum L.P.,Investment Partnership,,,,,USD,0,7893307,11749970,,,Private Investment Vehicles — 80.2%,Investment Partnerships — 68.7%,ea165252_ncsrs,5,15
"Tinicum Tax Exempt, L.P.",Investment Partnership,,,,,USD,0,4042649,5681265,,,Private Investment Vehicles — 80.2%,Investment Partnerships — 68.7%,ea165252_ncsrs,5,16
"Vista Capital Solutions Fund-A, L.P.",Investment Partnership,,,,,USD,0,7457001,7529283,,,Private Investment Vehicles — 80.2%,Investment Partnerships — 68.7%,ea165252_ncsrs,5,17
"VPC Asset Backed Opportunistic Credit Fund (Levered), L.P.",Investment Partnership,,,,,USD,0,57567585,60027260,,,Private Investment Vehicles — 80.2%,Investment Partnerships — 68.7%,ea165252_ncsrs,5,18
"VPC Credit Origination Fund, LP",Investment Partnership,,,,,USD,0,1000000,1115220,,,Private Investment Vehicles — 80.2%,Investment Partnerships — 68.7%,ea165252_ncsrs,5,19
"VPC Legal Finance Fund, L.P.",Investment Partnership,,,,,USD,0,79654858,83979326,,,Private Investment Vehicles — 80.2%,Investment Partnerships — 68.7%,ea165252_ncsrs,5,20
Waccamaw River LLC,Investment Partnership,,,,,USD,0,12498740,10246041,,,Private Investment Vehicles — 80.2%,Investment Partnerships — 68.7%,ea165252_ncsrs,5,21
Blue Owl Technology Finance Corp.,Private Investment Vehicle,,,,,USD,683646,10332953,11997896,,,Private Investment Vehicles — 80.2%,Non-Listed Business Development Companies — 2.5%,ea165252_ncsrs,7,3
Blue Owl Technology Finance Corp. II,Private Investment Vehicle,,,,,USD,505100,7325074,7741508,,,Private Investment Vehicles — 80.2%,Non-Listed Business Development Companies — 2.5%,ea165252_ncsrs,7,4
Franklin BSP Lending Corporation,Private Investment Vehicle,,,,,USD,273527,1795011,2042953,,,Private Investment Vehicles — 80.2%,Non-Listed Business Development Companies — 2.5%,ea165252_ncsrs,7,5
Redwood Enhanced Income Corp.,Private Investment Vehicle,,,,,USD,1767744,25350000,23882642,,,Private Investment Vehicles — 80.2%,Non-Listed Business Development Companies — 2.5%,ea165252_ncsrs,7,6
Stellus Private Credit BDC Feeder LP,Private Investment Vehicle,,,,,USD,0,8558048,8885395,,,Private Investment Vehicles — 80.2%,Non-Listed Business Development Companies — 2.5%,ea165252_ncsrs,7,7
Guggenheim MM-C CLO,Collateralized Loan Obligation,,,,,USD,0,90202500,96742866,,,Private Investment Vehicles — 80.2%,Private Collateralized Loan Obligations - 4.4%,ea165252_ncsrs,7,11
"Blue Owl Technology Holdings II, LLC, Class A",Private Investment Vehicle,,,,,USD,1,148773,929741,,,Private Investment Vehicles — 80.2%,Private Equity — 0.1%,ea165252_ncsrs,7,14
"Stellus Private BDC Advisor, LLC",Private Investment Vehicle,,,,,USD,0,,651262,,,Private Investment Vehicles — 80.2%,Private Equity — 0.1%,ea165252_ncsrs,7,15
"Felicitas Diner Offshore, LP",Private Investment Vehicle,,,,,USD,0,2625575,2789492,,,Private Investment Vehicles — 80.2%,Special Purpose Vehicle for Common and Preferred Equity — 0.1%,ea165252_ncsrs,7,19
Blackstone Tactical Opportunities Fund (Matrix Co-Invest) LP,Private Investment Vehicle,,,,,USD,0,201265,201265,,,Private Investment Vehicles — 80.2%,Special Purpose Vehicle for Common Equity — 0.7%,ea165252_ncsrs,7,22
"Marilyn Co-Invest, L.P.",Private Investment Vehicle,,,,,USD,0,12237575,15205978,,,Private Investment Vehicles — 80.2%,Special Purpose Vehicle for Common Equity — 0.7%,ea165252_ncsrs,7,23
"Atalaya Digithouse Opportunity Fund, LLC",Private Investment Vehicle,,,,,USD,0,403116,1224348,,,Private Investment Vehicles — 80.2%,Special Purpose Vehicle for Consumer Credit — 0.0%,ea165252_ncsrs,7,27
"CCOF Alera Aggregator, L.P.",Private Investment Vehicle,,,,,USD,0,4850000,5447454,,,Private Investment Vehicles — 80.2%,Special Purpose Vehicle for Preferred Equity — 2.5%,ea165252_ncsrs,9,3
"CCOF Sierra II, L.P.",Private Investment Vehicle,,,,,USD,0,3902675,4445464,,,Private Investment Vehicles — 80.2%,Special Purpose Vehicle for Preferred Equity — 2.5%,ea165252_ncsrs,9,4
"Chilly HP SCF Investor, LP",Private Investment Vehicle,,,,,USD,0,2970297,3314741,,,Private Investment Vehicles — 80.2%,Special Purpose Vehicle for Preferred Equity — 2.5%,ea165252_ncsrs,9,5
"CL Oliver Co-Invest, L.P.",Private Investment Vehicle,,,,,USD,0,5048999,5312786,,,Private Investment Vehicles — 80.2%,Special Purpose Vehicle for Preferred Equity — 2.5%,ea165252_ncsrs,9,6
"HPS Mint Co-Invest Fund, L.P.",Private Investment Vehicle,,,,,USD,0,6471561,7346850,,,Private Investment Vehicles — 80.2%,Special Purpose Vehicle for Preferred Equity — 2.5%,ea165252_ncsrs,9,7
"Minerva Co-Invest, L.P.",Private Investment Vehicle,,,,,USD,0,2944004,3146116,,,Private Investment Vehicles — 80.2%,Special Purpose Vehicle for Preferred Equity — 2.5%,ea165252_ncsrs,9,8
"VCSF Co-Invest 1-A, L.P.",Private Investment Vehicle,,,,,USD,0,24999668,25546236,,,Private Investment Vehicles — 80.2%,Special Purpose Vehicle for Preferred Equity — 2.5%,ea165252_ncsrs,9,9
BP Holdings RHO LLC,Private Investment Vehicle,,,,,USD,0,9099750,9574433,,,Private Investment Vehicles — 80.2%,Special Purpose Vehicle for Real Estate Loans — 1.0%,ea165252_ncsrs,9,13
"SB DOF Speedway, LLC",Private Investment Vehicle,,,,,USD,0,8013774,8672823,,,Private Investment Vehicles — 80.2%,Special Purpose Vehicle for Real Estate Loans — 1.0%,ea165252_ncsrs,9,14
"Sculptor Real Estate Science Park Fund, LP",Private Investment Vehicle,,,,,USD,0,3851018,3901955,,,Private Investment Vehicles — 80.2%,Special Purpose Vehicle for Real Estate Loans — 1.0%,ea165252_ncsrs,9,15
17Capital Co-Invest (B) SCSp,Private Investment Vehicle,,,,,EUR,0,5454505,5055579,,,Private Investment Vehicles — 80.2%,Special Purpose Vehicle for Senior Secured Bonds — 0.2%,ea165252_ncsrs,9,19
Gateway Casinos & Entertainment Limited,First Lien Term Loan,13.496%,SOFR,800,10/22/2027,USD,980918,953695,977239,,,Senior Secured Loans — 18.5%,Consumer Discretionary — 1.8%,ea165252_ncsrs,9,24
"Harbor Purchaser, Inc.",First Lien Term Loan,13.816%,SOFR,850,4/7/2030,USD,3000000,2949424,2950406,,,Senior Secured Loans — 18.5%,Consumer Discretionary — 1.8%,ea165252_ncsrs,9,25
Houghton Mifflin Harcourt Publishing Company,Second Lien Term Loan,13.416%,SOFR,800,4/7/2028,USD,5000000,4811954,4819877,,,Senior Secured Loans — 18.5%,Consumer Discretionary — 1.8%,ea165252_ncsrs,9,26
Hudson’s Bay Company,First Lien Term Loan,12.843%,SOFR,733,9/29/2026,USD,4735999,4670912,4685784,,,Senior Secured Loans — 18.5%,Consumer Discretionary — 1.8%,ea165252_ncsrs,9,27
"KCP Acquisitions, Inc.",First Lien Term Loan,13.911%,SOFR,950,3/16/2027,USD,8000000,8038265,8040000,,,Senior Secured Loans — 18.5%,Consumer Discretionary — 1.8%,ea165252_ncsrs,9,28
"Keller Postman, LLC",First Lien Term Loan,17.310% PIK,SOFR,1200,9/15/2028,USD,12121212,12000000,12000000,,,Senior Secured Loans — 18.5%,Consumer Discretionary — 1.8%,ea165252_ncsrs,9,29
NKD Group GmbH,First Lien Term Loan,11.972%,EURIBOR,800,3/23/2026,EUR,1730769,1795542,1808913,,,Senior Secured Loans — 18.5%,Consumer Discretionary — 1.8%,ea165252_ncsrs,9,30
Penney Borrower LLC,First Lien Term Loan,12.573%,SOFR,714,12/16/2026,USD,4040441,4010436,4020952,,,Senior Secured Loans — 18.5%,Consumer Discretionary — 1.8%,ea165252_ncsrs,9,31
"Baxters North America Holdings, Inc.",First Lien Term Loan,12.388%,SOFR,700,5/31/2028,USD,6500000,6345216,6385838,,,Senior Secured Loans — 18.5%,Consumer Staples — 0.3%,ea165252_ncsrs,11,3
Knight Energy Services LLC,First Lien Term Loan,13.060%,SOFR,750,6/1/2028,USD,3700498,3672744,3672744,,,Senior Secured Loans — 18.5%,Energy — 1.0%,ea165252_ncsrs,11,6
"Service Compression, LLC",Delayed Draw,15.416% PIK,SOFR,1000,5/6/2027,USD,738895,678981,697009,,,Senior Secured Loans — 18.5%,Energy — 1.0%,ea165252_ncsrs,11,7
"Service Compression, LLC",First Lien Term Loan,15.416% PIK,SOFR,1000,5/6/2027,USD,2543605,2342686,2390144,,,Senior Secured Loans — 18.5%,Energy — 1.0%,ea165252_ncsrs,11,8
Wellbore Integrity Solutions LLC,First Lien Term Loan,12.293%,SOFR,700,12/31/2024,USD,15000000,15000000,15000000,,,Senior Secured Loans — 18.5%,Energy — 1.0%,ea165252_ncsrs,11,9
Ardonagh Midco 3 PLC,First Lien Term Loan,1.950%,,,7/14/2026,USD,4197084,"(176,000)","(100,283)",,,Senior Secured Loans — 18.5%,Financials — 1.2%,ea165252_ncsrs,11,13
Ardonagh Midco 3 PLC,First Lien Term Loan,6.500%,EURIBOR,,7/14/2026,USD,2028188,2202916,2092956,,,Senior Secured Loans — 18.5%,Financials — 1.2%,ea165252_ncsrs,11,14
"Cresset Asset Management, LLC",First Lien Term Loan,12.900% PIK,SOFR,750,4/20/2025,USD,3556926,3535601,3521565,,,Senior Secured Loans — 18.5%,Financials — 1.2%,ea165252_ncsrs,11,15
Eisner Advisory Group LLC,First Lien Term Loan,10.681%,SOFR,525,2/22/2030,USD,2984962,2872461,2984336,,,Senior Secured Loans — 18.5%,Financials — 1.2%,ea165252_ncsrs,11,16
"Elevate Credit, Inc.",Second Lien Term Loan,13.797%,BASE,800,12/31/2023,USD,3963815,3963815,3963815,,,Senior Secured Loans — 18.5%,Financials — 1.2%,ea165252_ncsrs,11,17
"Foundation Risk Partners, Corp.",Delayed Draw,12.240%,SOFR,675,10/29/2028,USD,1272727,1234758,1239397,,,Senior Secured Loans — 18.5%,Financials — 1.2%,ea165252_ncsrs,11,18
"Foundation Risk Partners, Corp.",First Lien Term Loan,12.240%,SOFR,675,10/29/2028,USD,2727273,2651175,2655850,,,Senior Secured Loans — 18.5%,Financials — 1.2%,ea165252_ncsrs,11,19
Kensington Private Equity Fund,Delayed Draw,1.000% PIK,,,3/28/2026,USD,3200000,"(48,000)","(27,182)",,,Senior Secured Loans — 18.5%,Financials — 1.2%,ea165252_ncsrs,11,20
Kensington Private Equity Fund,Second Lien Term Loan,12.390% Cash+PIK,SOFR,700,3/28/2026,USD,3200000,3158724,3172818,,,Senior Secured Loans — 18.5%,Financials — 1.2%,ea165252_ncsrs,11,21
"Pennybacker Real Estate Credit II Pacific, LLC",Promissory Note,11.590%,,,5/9/2031,USD,809927,809927,809927,,,Senior Secured Loans — 18.5%,Financials — 1.2%,ea165252_ncsrs,11,22
Retail Services Corporation,First Lien Term Loan,13.890%,SOFR,835,5/19/2025,USD,2792758,2770400,2722490,,,Senior Secured Loans — 18.5%,Financials — 1.2%,ea165252_ncsrs,11,23
"Wealth Enhancement Group, LLC",First Lien Term Loan,21.250% PIK,SOFR,600,5/26/2033,USD,4500000,4365037,4390526,,,Senior Secured Loans — 18.5%,Financials — 1.2%,ea165252_ncsrs,11,24
"Acclaim Midco, LLC",Delayed Draw,1.000%,,,6/13/2029,USD,897436,"(4,487)","(1,233)",,,Senior Secured Loans — 18.5%,Health Care — 5.7%,ea165252_ncsrs,11,28
"Acclaim Midco, LLC",Revolver,0.500%,,,6/13/2029,USD,358974,"(7,179)","(5,898)",,,Senior Secured Loans — 18.5%,Health Care — 5.7%,ea165252_ncsrs,11,29
"Acclaim Midco, LLC",First Lien Term Loan,11.655%,SOFR,625,6/13/2029,USD,2243590,2200132,2206730,,,Senior Secured Loans — 18.5%,Health Care — 5.7%,ea165252_ncsrs,11,30
"ADMA Bilogics, Inc.",Delayed Draw,1.000%,,,3/23/2027,USD,714286,,,,,Senior Secured Loans — 18.5%,Health Care — 5.7%,ea165252_ncsrs,11,31
"ADMA Bilogics, Inc.",First Lien Term Loan,13.916% PIK,SOFR,850,3/23/2027,USD,4496839,4460109,4496839,,,Senior Secured Loans — 18.5%,Health Care — 5.7%,ea165252_ncsrs,11,32
Alcami Corporation,Delayed Draw,1.000%,,,12/21/2028,USD,318004,"(10,622)","(3,831)",,,Senior Secured Loans — 18.5%,Health Care — 5.7%,ea165252_ncsrs,11,33
Alcami Corporation,Revolver,0.500%,,,12/21/2028,USD,508806,"(16,996)","(6,130)",,,Senior Secured Loans — 18.5%,Health Care — 5.7%,ea165252_ncsrs,11,34
Alcami Corporation,First Lien Term Loan,12.416%,SOFR,700,12/21/2028,USD,3796967,3675694,3751223,,,Senior Secured Loans — 18.5%,Health Care — 5.7%,ea165252_ncsrs,11,35
"Align Enta Intermediate, Inc.",Delayed Draw,1.000%,,,6/30/2028,USD,1827907,"(27,419)","(22,205)",,,Senior Secured Loans — 18.5%,Health Care — 5.7%,ea165252_ncsrs,11,36
"Align Enta Intermediate, Inc.",Delayed Draw,11.831%,SOFR,,6/30/2028,USD,548372,531921,541711,,,Senior Secured Loans — 18.5%,Health Care — 5.7%,ea165252_ncsrs,11,37
"Align Enta Intermediate, Inc.",Revolver,0.500%,,,6/30/2028,USD,274186,"(8,226)","(7,455)",,,Senior Secured Loans — 18.5%,Health Care — 5.7%,ea165252_ncsrs,13,3
"Align Enta Intermediate, Inc.",First Lien Term Loan,11.816%,SOFR,650,6/30/2028,USD,1279535,1242534,1244743,,,Senior Secured Loans — 18.5%,Health Care — 5.7%,ea165252_ncsrs,13,4
Bamboo U.S. Bidco EUR,First Lien Term Loan,9.858%,EURIBOR,600,9/29/2030,EUR,7829072,8022736,8028544,,,Senior Secured Loans — 18.5%,Health Care — 5.7%,ea165252_ncsrs,13,5
Bamboo U.S. Bidco USD,First Lien Term Loan,11.316%,SOFR,600,9/29/2030,USD,12583276,12205966,12205778,,,Senior Secured Loans — 18.5%,Health Care — 5.7%,ea165252_ncsrs,13,6
Bamboo U.S. Bidco USD,Delayed Draw,1.000%,,,9/29/2030,USD,1966137,,"(29,492)",,,Senior Secured Loans — 18.5%,Health Care — 5.7%,ea165252_ncsrs,13,7
Bamboo U.S. Bidco USD,Revolver,0.500%,,,9/29/2030,USD,2621516,,"(78,646)",,,Senior Secured Loans — 18.5%,Health Care — 5.7%,ea165252_ncsrs,13,8
"Bausch Receivables Funding, LP",Revolver,11.965%,SOFR,665,1/28/2028,USD,8000000,4546667,4558941,,,Senior Secured Loans — 18.5%,Health Care — 5.7%,ea165252_ncsrs,13,9
"Confluent Health, LLC",First Lien Term Loan,12.816%,SOFR,750,11/30/2028,USD,2849858,2659625,2663276,,,Senior Secured Loans — 18.5%,Health Care — 5.7%,ea165252_ncsrs,13,10
"Hanger, Inc.",Delayed Draw,1.000%,,,10/3/2028,USD,1238095,"(12,381)","(12,381)",,,Senior Secured Loans — 18.5%,Health Care — 5.7%,ea165252_ncsrs,13,11
"Hanger, Inc.",Second Lien Term Loan,11.415%,SOFR,975,10/3/2028,USD,2261905,2218100,2216667,,,Senior Secured Loans — 18.5%,Health Care — 5.7%,ea165252_ncsrs,13,12
"Hanger, Inc.",Delayed Draw,1.000%,,,10/3/2029,USD,547619,"(5,476)","(5,476)",,,Senior Secured Loans — 18.5%,Health Care — 5.7%,ea165252_ncsrs,13,13
"Hanger, Inc.",Second Lien Term Loan,14.915%,SOFR,975,10/3/2029,USD,952381,933749,933333,,,Senior Secured Loans — 18.5%,Health Care — 5.7%,ea165252_ncsrs,13,14
"Hanger, Inc.",Delayed Draw,1.000%,,,10/3/2028,USD,6190476,"(154,762)","(154,762)",,,Senior Secured Loans — 18.5%,Health Care — 5.7%,ea165252_ncsrs,13,15
"Hanger, Inc.",Revolver,0.500%,,,10/3/2027,USD,1000,(35),(35),,,Senior Secured Loans — 18.5%,Health Care — 5.7%,ea165252_ncsrs,13,16
"Hanger, Inc.",Second Lien Term Loan,11.395%,SOFR,975,10/3/2028,USD,11309524,10926205,10913690,,,Senior Secured Loans — 18.5%,Health Care — 5.7%,ea165252_ncsrs,13,17
"Hanger, Inc.",Delayed Draw,1.000%,,,10/3/2029,USD,2738095,"(68,452)","(68,452)",,,Senior Secured Loans — 18.5%,Health Care — 5.7%,ea165252_ncsrs,13,18
"Hanger, Inc.",Second Lien Term Loan,14.895%,SOFR,975,10/3/2029,USD,4761905,4598885,4595238,,,Senior Secured Loans — 18.5%,Health Care — 5.7%,ea165252_ncsrs,13,19
Helium Acquirer Corporation,Delayed Draw,1.000%,,,1/5/2029,USD,1172760,89394,94483,,,Senior Secured Loans — 18.5%,Health Care — 5.7%,ea165252_ncsrs,13,20
Helium Acquirer Corporation,Delayed Draw,12.490%,SOFR,700,1/5/2029,USD,584914,568619,582320,,,Senior Secured Loans — 18.5%,Health Care — 5.7%,ea165252_ncsrs,13,21
Helium Acquirer Corporation,Revolver,12.490%,SOFR,700,1/5/2029,USD,293190,95443,101866,,,Senior Secured Loans — 18.5%,Health Care — 5.7%,ea165252_ncsrs,13,22
Helium Acquirer Corporation,First Lien Term Loan,12.490%,SOFR,700,1/5/2029,USD,1924856,1871953,1916318,,,Senior Secured Loans — 18.5%,Health Care — 5.7%,ea165252_ncsrs,13,23
Nephron Pharmaceuticals Corporation,Second Lien Term Loan,14.570%,SOFR,900,9/11/2026,USD,15000000,14556442,14550000,,,Senior Secured Loans — 18.5%,Health Care — 5.7%,ea165252_ncsrs,13,24
"Nomi Health, Inc",First Lien Term Loan,13.247%,SOFR,800,7/12/2028,USD,23278373,22598612,22580021,,,Senior Secured Loans — 18.5%,Health Care — 5.7%,ea165252_ncsrs,13,25
"Orthodontic Partners, LLC",Delayed Draw,12.016%,SOFR,650,10/12/2027,USD,3560665,3490332,3534216,,,Senior Secured Loans — 18.5%,Health Care — 5.7%,ea165252_ncsrs,13,26
"Orthodontic Partners, LLC",First Lien Term Loan,12.026%,SOFR,650,10/12/2027,USD,2418259,2374734,2376050,,,Senior Secured Loans — 18.5%,Health Care — 5.7%,ea165252_ncsrs,13,27
"Steward Health Care System, LLC",First Lien Term Loan,16.192%,SOFR,1075,12/31/2027,USD,8000000,7746114,7740000,,,Senior Secured Loans — 18.5%,Health Care — 5.7%,ea165252_ncsrs,13,28
"TerSera Therapeutics, LLC",Revolver,0.500%,,,4/4/2029,USD,227926,"(6,838)","(5,889)",,,Senior Secured Loans — 18.5%,Health Care — 5.7%,ea165252_ncsrs,13,29
"TerSera Therapeutics, LLC",First Lien Term Loan,12.140%,SOFR,675,4/4/2029,USD,2772074,2693516,2700453,,,Senior Secured Loans — 18.5%,Health Care — 5.7%,ea165252_ncsrs,13,30
"United Digestive MSO Parent, LLC",Delayed Draw,1.000%,,,3/30/2029,USD,595000,"(8,925)","(2,753)",,,Senior Secured Loans — 18.5%,Health Care — 5.7%,ea165252_ncsrs,13,31
"United Digestive MSO Parent, LLC",Revolver,0.500%,,,3/30/2029,USD,297500,"(8,925)","(5,852)",,,Senior Secured Loans — 18.5%,Health Care — 5.7%,ea165252_ncsrs,13,32
"United Digestive MSO Parent, LLC",First Lien Term Loan,12.290%,SOFR,675,3/30/2029,USD,2254350,2190539,2210008,,,Senior Secured Loans — 18.5%,Health Care — 5.7%,ea165252_ncsrs,13,33
"Vardiman Black Holdings, LLC",Delayed Draw,12.430%,SOFR,700,3/18/2027,USD,2697344,2674466,2542575,,,Senior Secured Loans — 18.5%,Health Care — 5.7%,ea165252_ncsrs,13,34
"Vardiman Black Holdings, LLC",First Lien Term Loan,12.430%,SOFR,700,3/18/2027,USD,2238636,2215131,2110187,,,Senior Secured Loans — 18.5%,Health Care — 5.7%,ea165252_ncsrs,13,35
"Xeris Pharmaceuticals, Inc.",Delayed Draw,14.503%,SOFR,900,3/8/2027,USD,1666667,1653172,1651435,,,Senior Secured Loans — 18.5%,Health Care — 5.7%,ea165252_ncsrs,15,3
"Xeris Pharmaceuticals, Inc.",First Lien Term Loan,14.503%,SOFR,900,3/8/2027,USD,3333333,3293373,3302870,,,Senior Secured Loans — 18.5%,Health Care — 5.7%,ea165252_ncsrs,15,4
"Apex Service Partners, LLC",First Lien Term Loan,12.500% PIK,,,7/31/2025,USD,3098660,3052658,3098660,,,Senior Secured Loans — 18.5%,Industrials — 3.1%,ea165252_ncsrs,15,7
"Cobham Holdings, Inc.",Revolver,0.500%,,,1/9/2028,USD,468750,"(13,439)","(11,749)",,,Senior Secured Loans — 18.5%,Industrials — 3.1%,ea165252_ncsrs,15,8
"Cobham Holdings, Inc.",First Lien Term Loan,12.140%,SOFR,675,1/9/2030,USD,4519922,4393244,4402006,,,Senior Secured Loans — 18.5%,Industrials — 3.1%,ea165252_ncsrs,15,9
DMT Solutions Global Corporation,First Lien Term Loan,13.434%,SOFR,800,8/30/2027,USD,8000000,7763851,7764722,,,Senior Secured Loans — 18.5%,Industrials — 3.1%,ea165252_ncsrs,15,10
FB FLL Aviation LLC,First Lien Term Loan,12.331%,SOFR,700,7/19/2028,USD,9000000,7582500,7582500,,,Senior Secured Loans — 18.5%,Industrials — 3.1%,ea165252_ncsrs,15,11
"Florida Marine, LLC",First Lien Term Loan,13.439%,SOFR,800,3/17/2028,USD,5263750,5126992,5183970,,,Senior Secured Loans — 18.5%,Industrials — 3.1%,ea165252_ncsrs,15,12
"Groundworks, LLC",Delayed Draw,1.000%,,,3/14/2030,USD,612565,,"(6,387)",,,Senior Secured Loans — 18.5%,Industrials — 3.1%,ea165252_ncsrs,15,13
"Groundworks, LLC",Revolver,0.500%,,,3/14/2029,USD,277179,"(8,316)","(6,690)",,,Senior Secured Loans — 18.5%,Industrials — 3.1%,ea165252_ncsrs,15,14
"Groundworks, LLC",First Lien Term Loan,11.808%,SOFR,650,3/14/2030,USD,5000308,4848443,4872822,,,Senior Secured Loans — 18.5%,Industrials — 3.1%,ea165252_ncsrs,15,15
"Helix Acquisition Holdings, Inc.",First Lien Term Loan,12.490%,ARR CSA,700,3/31/2030,USD,6000000,5855438,5878492,,,Senior Secured Loans — 18.5%,Industrials — 3.1%,ea165252_ncsrs,15,16
"iCIMS, Inc.",First Lien Term Loan,12.633% PIK,SOFR,725,8/18/2028,USD,7000000,6891332,6932516,,,Senior Secured Loans — 18.5%,Industrials — 3.1%,ea165252_ncsrs,15,17
"P20 Parent, Inc.",First Lien Term Loan,12.890%,SOFR,750,7/12/2028,USD,4962500,4877349,4889775,,,Senior Secured Loans — 18.5%,Industrials — 3.1%,ea165252_ncsrs,15,18
Panda Acquisition LLC,First Lien Term Loan,11.740%,SOFR,625,10/18/2028,USD,3950000,3244148,3250463,,,Senior Secured Loans — 18.5%,Industrials — 3.1%,ea165252_ncsrs,15,19
Penn TRGRP Holdings,Revolver,0.500%,,,9/29/2030,USD,769167,"(15,383)","(15,383)",,,Senior Secured Loans — 18.5%,Industrials — 3.1%,ea165252_ncsrs,15,20
Penn TRGRP Holdings,First Lien Term Loan,13.140%,SOFR,675,9/29/2030,USD,5000000,4900046,4900000,,,Senior Secured Loans — 18.5%,Industrials — 3.1%,ea165252_ncsrs,15,21
Tecostar Holdings Direct Co-Invest,Second Lien Term Loan,13.270%,SOFR,850,7/7/2029,USD,5714286,5574980,5571429,,,Senior Secured Loans — 18.5%,Industrials — 3.1%,ea165252_ncsrs,15,22
"The Arcticom Group, LLC",Delayed Draw,11.933%,SOFR,675,12/22/2027,USD,170237,"(4,256)","(4,200)",,,Senior Secured Loans — 18.5%,Industrials — 3.1%,ea165252_ncsrs,15,23
"The Arcticom Group, LLC",Delayed Draw,12.295%,SOFR,675,12/22/2027,USD,3990000,3871535,3889599,,,Senior Secured Loans — 18.5%,Industrials — 3.1%,ea165252_ncsrs,15,24
"The Arcticom Group, LLC",First Lien Term Loan,12.152%,SOFR,625,12/22/2027,USD,657114,640881,640901,,,Senior Secured Loans — 18.5%,Industrials — 3.1%,ea165252_ncsrs,15,25
"SintecMedia NYC, Inc.",Revolver,0.500%,,,6/21/2029,USD,423729,"(12,712)","(11,522)",,,Senior Secured Loans — 18.5%,Materials — 0.4%,ea165252_ncsrs,15,28
"SintecMedia NYC, Inc.",First Lien Term Loan,12.207%,SOFR,625,6/21/2029,USD,4576271,4443146,4451837,,,Senior Secured Loans — 18.5%,Materials — 0.4%,ea165252_ncsrs,15,29
"Sunland Asphalt & Construction, LLC",Delayed Draw,1.000% PIK,,,6/16/2028,USD,742188,"(12,901)","(17,352)",,,Senior Secured Loans — 18.5%,Materials — 0.4%,ea165252_ncsrs,15,30
"Sunland Asphalt & Construction, LLC",First Lien Term Loan,12.890% PIK,SOFR,750,6/16/2028,USD,1759978,1709487,1718829,,,Senior Secured Loans — 18.5%,Materials — 0.4%,ea165252_ncsrs,15,31
"SureWerx Purchaser III, Inc.",Delayed Draw,1.000%,,,12/28/2029,USD,468750,"(9,034)","(3,344)",,,Senior Secured Loans — 18.5%,Materials — 0.4%,ea165252_ncsrs,15,32
"SureWerx Purchaser III, Inc.",Revolver,12.066%,SOFR,675,12/28/2028,USD,250000,143750,140086,,,Senior Secured Loans — 18.5%,Materials — 0.4%,ea165252_ncsrs,15,33
"SureWerx Purchaser III, Inc.",First Lien Term Loan,12.140%,SOFR,675,12/28/2029,USD,2275547,2211803,2242199,,,Senior Secured Loans — 18.5%,Materials — 0.4%,ea165252_ncsrs,15,34
Austin Renaissance Limited,Delayed Draw,11.000%,,,4/7/2026,USD,7000000,5902334,5902335,,,Senior Secured Loans — 18.5%,Real Estate — 0.7%,ea165252_ncsrs,17,3
"Lexington Hotel Owner, LLC",Delayed Draw,12.194%,SOFR,675,7/1/2024,USD,1379310,382890,401588,,,Senior Secured Loans — 18.5%,Real Estate — 0.7%,ea165252_ncsrs,17,4
"Lexington Hotel Owner, LLC",First Lien Term Loan,12.194%,SOFR,675,7/1/2024,USD,8620690,8561444,8643547,,,Senior Secured Loans — 18.5%,Real Estate — 0.7%,ea165252_ncsrs,17,5
Poinciana LLC,Delayed Draw,12.000%,,,5/1/2026,USD,5000000,1538104,1538104,,,Senior Secured Loans — 18.5%,Real Estate — 0.7%,ea165252_ncsrs,17,6
"Afiniti, Inc.",First Lien Term Loan,11.250%,,,6/13/2024,USD,2263753,2261256,2207136,,,Senior Secured Loans — 18.5%,Technology — 4.3%,ea165252_ncsrs,17,9
"ASG II, LLC",Delayed Draw,11.769%,SOFR,625,5/25/2028,USD,391304,187089,195770,,,Senior Secured Loans — 18.5%,Technology — 4.3%,ea165252_ncsrs,17,10
"ASG II, LLC",First Lien Term Loan,11.769%,SOFR,625,5/25/2028,USD,2608696,2564934,2608696,,,Senior Secured Loans — 18.5%,Technology — 4.3%,ea165252_ncsrs,17,11
"Avalara, Inc.",Revolver,0.500%,,,10/19/2028,USD,272727,507,"(1,053)",,,Senior Secured Loans — 18.5%,Technology — 4.3%,ea165252_ncsrs,17,12
"Avalara, Inc.",First Lien Term Loan,12.640%,SOFR,725,10/19/2028,USD,2727273,2666524,2716740,,,Senior Secured Loans — 18.5%,Technology — 4.3%,ea165252_ncsrs,17,13
Bluefin Holding LLC,Revolver,0.500%,,,9/12/2029,USD,673077,"(16,827)","(16,827)",,,Senior Secured Loans — 18.5%,Technology — 4.3%,ea165252_ncsrs,17,14
Bluefin Holding LLC,First Lien Term Loan,12.722%,SOFR,725,9/12/2029,USD,6826923,6657243,6656250,,,Senior Secured Loans — 18.5%,Technology — 4.3%,ea165252_ncsrs,17,15
"Bluesight, Inc.",Revolver,0.500%,,,7/17/2029,USD,400000,"(12,000)","(11,396)",,,Senior Secured Loans — 18.5%,Technology — 4.3%,ea165252_ncsrs,17,16
"Bluesight, Inc.",First Lien Term Loan,12.566%,SOFR,725,7/17/2029,USD,4600000,4465076,4468950,,,Senior Secured Loans — 18.5%,Technology — 4.3%,ea165252_ncsrs,17,17
"Coupa Holdings, LLC",Delayed Draw,1.000%,,,2/27/2030,USD,385633,"(4,775)","(3,229)",,,Senior Secured Loans — 18.5%,Technology — 4.3%,ea165252_ncsrs,17,18
"Coupa Holdings, LLC",Revolver,0.500%,,,2/27/2029,USD,295276,"(7,301)","(5,430)",,,Senior Secured Loans — 18.5%,Technology — 4.3%,ea165252_ncsrs,17,19
"Coupa Holdings, LLC",First Lien Term Loan,12.816%,SOFR,750,2/27/2030,USD,4319091,4217592,4239661,,,Senior Secured Loans — 18.5%,Technology — 4.3%,ea165252_ncsrs,17,20
"Disco Parent, LLC",Revolver,1.000%,,,3/30/2029,USD,113619,"(2,840)","(2,291)",,,Senior Secured Loans — 18.5%,Technology — 4.3%,ea165252_ncsrs,17,21
"Disco Parent, LLC",First Lien Term Loan,12.922%,SOFR,750,3/30/2029,USD,1136195,1109349,1113285,,,Senior Secured Loans — 18.5%,Technology — 4.3%,ea165252_ncsrs,17,22
"Finastra USA, Inc.",First Lien Term Loan,12.713%,SOFR,725,9/13/2029,USD,9023910,8844397,8843431,,,Senior Secured Loans — 18.5%,Technology — 4.3%,ea165252_ncsrs,17,23
"Finastra USA, Inc.",Revolver,0.500%,,,9/13/2029,USD,936090,"(18,722)","(18,722)",,,Senior Secured Loans — 18.5%,Technology — 4.3%,ea165252_ncsrs,17,24
Infinite Bidco LLC,First Lien Term Loan,11.271%,SOFR,625,3/2/2028,USD,4975000,4838738,4858592,,,Senior Secured Loans — 18.5%,Technology — 4.3%,ea165252_ncsrs,17,25
Mercury Bidco LLC,First Lien Term Loan,12.331%,SOFR,700,5/31/2030,USD,4591837,4512992,4511563,,,Senior Secured Loans — 18.5%,Technology — 4.3%,ea165252_ncsrs,17,26
Mercury Bidco LLC,Revolver,0.500%,,,5/31/2029,USD,408163,"(10,073)","(10,073)",,,Senior Secured Loans — 18.5%,Technology — 4.3%,ea165252_ncsrs,17,27
"MGT Merger Target, LLC",Delayed Draw,12.214%,SOFR,675,4/10/2029,USD,675862,440437,443151,,,Senior Secured Loans — 18.5%,Technology — 4.3%,ea165252_ncsrs,17,28
"MGT Merger Target, LLC",Revolver,0.500%,,,4/10/2028,USD,496552,"(14,896)","(12,933)",,,Senior Secured Loans — 18.5%,Technology — 4.3%,ea165252_ncsrs,17,29
"MGT Merger Target, LLC",First Lien Term Loan,12.215%,SOFR,675,4/10/2029,USD,3544828,3443638,3452501,,,Senior Secured Loans — 18.5%,Technology — 4.3%,ea165252_ncsrs,17,30
"Oranje Holdco, Inc.",Revolver,0.500%,,,2/1/2029,USD,592667,"(14,625)","(12,030)",,,Senior Secured Loans — 18.5%,Technology — 4.3%,ea165252_ncsrs,17,31
"Oranje Holdco, Inc.",First Lien Term Loan,13.122%,SOFR,775,2/1/2029,USD,4741333,4630505,4645092,,,Senior Secured Loans — 18.5%,Technology — 4.3%,ea165252_ncsrs,17,32
"Polaris Newco, LLC",Second Lien Term Loan,14.772%,SOFR,925,6/4/2029,USD,2072785,2006475,2072785,,,Senior Secured Loans — 18.5%,Technology — 4.3%,ea165252_ncsrs,17,33
PracticeTek Purchaser LLC,Delayed Draw,1.000%,,,8/30/2029,USD,1935491,"(24,194)","(23,031)",,,Senior Secured Loans — 18.5%,Technology — 4.3%,ea165252_ncsrs,17,34
PracticeTek Purchaser LLC,Delayed Draw,1.000%,,,8/30/2029,USD,4524894,"(56,561)","(53,842)",,,Senior Secured Loans — 18.5%,Technology — 4.3%,ea165252_ncsrs,17,35
PracticeTek Purchaser LLC,Revolver,0.500%,,,8/30/2029,USD,1000,475,476,,,Senior Secured Loans — 18.5%,Technology — 4.3%,ea165252_ncsrs,19,3
PracticeTek Purchaser LLC,First Lien Term Loan,11.334%,SOFR,600,8/30/2029,USD,14732193,14367516,14372628,,,Senior Secured Loans — 18.5%,Technology — 4.3%,ea165252_ncsrs,19,4
PracticeTek Purchaser LLC,First Lien Term Loan,14.000% PIK,,,8/30/2029,USD,5714736,5544855,5546667,,,Senior Secured Loans — 18.5%,Technology — 4.3%,ea165252_ncsrs,19,5
PracticeTek Purchaser LLC,First Lien Term Loan,11.316%,SOFR,600,8/30/2029,USD,6352410,6195138,6197368,,,Senior Secured Loans — 18.5%,Technology — 4.3%,ea165252_ncsrs,19,6
"Trintech, Inc.",Revolver,11.820%,SOFR,650,7/25/2029,USD,555917,142156,143041,,,Senior Secured Loans — 18.5%,Technology — 4.3%,ea165252_ncsrs,19,7
"Trintech, Inc.",First Lien Term Loan,11.820%,SOFR,650,7/25/2029,USD,7226083,7013715,7020813,,,Senior Secured Loans — 18.5%,Technology — 4.3%,ea165252_ncsrs,19,8
"User Zoom Technologies, Inc.",First Lien Term Loan,12.420%,SOFR,750,4/5/2029,USD,5000000,4861350,4869559,,,Senior Secured Loans — 18.5%,Technology — 4.3%,ea165252_ncsrs,19,9
Xactly Corporation,First Lien Term Loan,12.772%,SOFR,725,2/3/2031,USD,6000000,5910000,5924612,,,Senior Secured Loans — 18.5%,Technology — 4.3%,ea165252_ncsrs,19,10
ABPCI Direct Lending Fund CLO XII Ltd.,Collateralized Loan Obligation,14.478%,SOFR,1050,4/29/2035,USD,7500000,7204446,7499449,,,Collateralized Loan Obligations — 2.4%,Technology — 4.3%,ea165252_ncsrs,19,15
Barings Middle Market CLO Ltd. 2017-I,Collateralized Loan Obligation,14.248%,LIBOR,866,1/20/2034,USD,2000000,1960000,1914200,,,Collateralized Loan Obligations — 2.4%,Technology — 4.3%,ea165252_ncsrs,19,16
Barings Middle Market CLO Ltd. 2017-I,Collateralized Loan Obligation,21.500%,,,1/20/2034,USD,2905983,2442595,1912941,,,Collateralized Loan Obligations — 2.4%,Technology — 4.3%,ea165252_ncsrs,19,17
Barings Private Credit Corp. CLO 2023-1 Ltd.,Collateralized Loan Obligation,11.757%,SOFR,635,7/15/2031,USD,6000000,6000000,5999650,,,Collateralized Loan Obligations — 2.4%,Technology — 4.3%,ea165252_ncsrs,19,18
Deerpath Capital CLO 2020-1 Ltd.,Collateralized Loan Obligation,11.748%,SOFR,639,4/17/2034,USD,3250000,3185000,3190410,,,Collateralized Loan Obligations — 2.4%,Technology — 4.3%,ea165252_ncsrs,19,19
Golub Capital Partners CLO,Collateralized Loan Obligation,11.408%,SOFR,600,10/23/2023,USD,13950000,13950000,13950000,,,Collateralized Loan Obligations — 2.4%,Technology — 4.3%,ea165252_ncsrs,19,20
HPS Private Credit CLO 2023-1 LLC,Collateralized Loan Obligation,15.112%,SOFR,985,7/15/2035,USD,7500000,7350000,7555250,,,Collateralized Loan Obligations — 2.4%,Technology — 4.3%,ea165252_ncsrs,19,21
Ivy Hill Middle Market Credit Fund XXI Ltd.,Collateralized Loan Obligation,13.941%,SOFR,852,7/18/2035,USD,6500000,6336850,6330360,,,Collateralized Loan Obligations — 2.4%,Technology — 4.3%,ea165252_ncsrs,19,22
Ivy Hill Middle Market Credit Fund XXI Ltd.,Collateralized Loan Obligation,11.821%,SOFR,640,7/18/2035,USD,3500000,3500000,3500302,,,Collateralized Loan Obligations — 2.4%,Technology — 4.3%,ea165252_ncsrs,19,23
TCP Whitney CLO Ltd.,Collateralized Loan Obligation,13.801%,LIBOR,816,8/20/2033,USD,2500000,2450000,2367664,,,Collateralized Loan Obligations — 2.4%,Technology — 4.3%,ea165252_ncsrs,19,24
"nThrive, Inc., Series A-2 Preferred",Other,11.000% PIK,,,,USD,3260,3162200,3196175,,,Preferred Stocks — 1.3%,Health Care — 0.2%,ea165252_ncsrs,19,29
"Jayhawk Intermediate LLC, Series B Preferred",Other,13.000% PIK,,,,USD,2500,2425000,2500000,,,Preferred Stocks — 1.3%,Health Care — 0.2%,ea165252_ncsrs,19,31
"Atomic Blocker, LLC, Class A-2 Preferred",Other,15.250% PIK,,,,USD,875,857500,875000,,,Preferred Stocks — 1.3%,Industrials — 0.6%,ea165252_ncsrs,21,4
"Atomic Blocker, LLC, Class A Preferred",Other,8.500% PIK,,,,USD,2500,1782701,2405863,,,Preferred Stocks — 1.3%,Industrials — 0.6%,ea165252_ncsrs,21,6
"FSG Acquisition, LLC, — Senior Preferred",Other,12.250% PIK,,,,USD,3750000,3656250,3736472,,,Preferred Stocks — 1.3%,Industrials — 0.6%,ea165252_ncsrs,21,7
"Pollen, Inc. Series H1 Preferred",Other,8.360% PIK,,,,USD,108305,3359435,3422980,,,Preferred Stocks — 1.3%,Industrials — 0.6%,ea165252_ncsrs,21,8
"Pollen, Inc. Series H2 Preferred",Other,7.530% PIK,,,,USD,64983,1856902,1935194,,,Preferred Stocks — 1.3%,Industrials — 0.6%,ea165252_ncsrs,21,9
"GS Holder, Inc. Preferred",Other,17.320% PIK,,,,USD,5000,4850000,5000000,,,Preferred Stocks — 1.3%,Technology — 0.5%,ea165252_ncsrs,21,12
"Mandolin Technology Holdings, Inc. — Series A Preferred",Other,10.500% PIK,,,,USD,3500,3395000,3429776,,,Preferred Stocks — 1.3%,Technology — 0.5%,ea165252_ncsrs,21,13
"Riskonnect Parent, LLC — Series B Preferred",Other,15.314% PIK,,,,USD,3000,2940000,3000000,,,Preferred Stocks — 1.3%,Technology — 0.5%,ea165252_ncsrs,21,14
"OTR Midco, LLC",Other,12.000%,,,5/12/2026,USD,2000000,2000000,2000000,,,Subordinated Debt — 0.2%,Financials — 0.1%,ea165252_ncsrs,21,20
"Comar Holding Company, LLC",First Lien Term Loan,15.480% PIK,LIBOR,1075,12/23/2024,USD,1784979,1769683,1767320,,,Subordinated Debt — 0.2%,Materials — 0.1%,ea165252_ncsrs,21,23
"Barings BDC, Inc.",Common Stock,,,,,USD,110063,1133627,980661,,,Common Stocks — 0.2%,Financials — 0.0%,ea165252_ncsrs,21,28
"Atomic Blocker, LLC, Class W Common",Common Stock,,,,,USD,2188,654496,998767,,,Common Stocks — 0.2%,Industrials — 0.1%,ea165252_ncsrs,21,32
"GSV PracticeTek Holdings, LLC, Class A Common",Common Stock,,,,,USD,1590747,1740277,1740277,,,Common Stocks — 0.2%,Technology — 0.1%,ea165252_ncsrs,23,3
"Service Compression, LLC — Series A-17 Warrants",Warrant,,,,,USD,0,,75043,,,Warrants — 0.1%,Energy — 0.0%,ea165252_ncsrs,23,8
"Service Compression, LLC",Warrant,,,,,USD,0,,,,,Warrants — 0.1%,Energy — 0.0%,ea165252_ncsrs,23,9
Expiration Date: 3/23/2029,Warrant,,,,,USD,0,,665536,,,Warrants — 0.1%,Health Care — 0.1%,ea165252_ncsrs,23,14
Expiration Date: 4/30/2023,Warrant,,,,,USD,0,,149243,,,Warrants — 0.1%,Health Care — 0.1%,ea165252_ncsrs,23,17
Expiration Date: 3/8/2029,Warrant,,,,,USD,0,,54002,,,Warrants — 0.1%,Health Care — 0.1%,ea165252_ncsrs,23,20
"Afiniti, Inc. (via a participation with VHG Investment Fund I, L.P.)",Warrant,,,,,USD,3246,172839,159460,,,Warrants — 0.1%,Technology — 0.0%,ea165252_ncsrs,23,23
State Street Institutional U.S. Government Money Market Fund,Other,5.220%,,,,USD,51929930,51929930,51929930,,,Short-Term Investments — 2.3%,Technology — 0.0%,ea165252_ncsrs,23,27
Liabilites Less Other Assets — (5.2)%,Other,,,,,,0,,"(114,746,660)",,,Short-Term Investments — 2.3%,Technology — 0.0%,ea165252_ncsrs,23,30
Net Assets — 100.00%,Other,,,,,,0,,2221300334,,,Short-Term Investments — 2.3%,Technology — 0.0%,ea165252_ncsrs,23,31
17Capital Co-Invest (B) SCSp,Private Investment Vehicle,,,,,,5454505,5454505,,,9/23/2021,Short-Term Investments — 2.3%,Technology — 0.0%,ea165252_ncsrs,26,1
AG Asset Based Credit Fund L.P.,Private Investment Vehicle,,,,,,60500000,60500000,,,9/13/2023,Short-Term Investments — 2.3%,Technology — 0.0%,ea165252_ncsrs,26,2
"AG Essential Housing Fund II Holdings (DE), L.P.",Private Investment Vehicle,,,,,,6450000,6450000,,,3/23/2022,Short-Term Investments — 2.3%,Technology — 0.0%,ea165252_ncsrs,26,3
"Ares Commercial Finance, LP",Private Investment Vehicle,,,,,,15404552,15404552,,,6/30/2021,Short-Term Investments — 2.3%,Technology — 0.0%,ea165252_ncsrs,26,4
Ares Commercial Finance Feeder (B) LP,Private Investment Vehicle,,,,,,13131161,13131161,,,7/25/2023,Short-Term Investments — 2.3%,Technology — 0.0%,ea165252_ncsrs,26,5
Ares Priority Loan Co-Invest LP,Private Investment Vehicle,,,,,,24500000,24500000,,,1/25/2023,Short-Term Investments — 2.3%,Technology — 0.0%,ea165252_ncsrs,26,7
"Ares Private Credit Solutions (Cayman), L.P.",Private Investment Vehicle,,,,,,21204116,21204116,,,12/29/2022,Short-Term Investments — 2.3%,Technology — 0.0%,ea165252_ncsrs,26,8
"Ares Special Opportunities Fund II, LP",Private Investment Vehicle,,,,,,14994578,14994578,,,11/7/2022,Short-Term Investments — 2.3%,Technology — 0.0%,ea165252_ncsrs,26,9
"Atalaya A4 (Cayman), LP",Private Investment Vehicle,,,,,,31129697,31129697,,,8/2/2021,Short-Term Investments — 2.3%,Technology — 0.0%,ea165252_ncsrs,26,10
"Atalaya Asset Income Fund Evergreen, LP",Private Investment Vehicle,,,,,,9969855,9969855,,,2/28/2022,Short-Term Investments — 2.3%,Technology — 0.0%,ea165252_ncsrs,26,11
"Atalaya Digithouse Opportunity Fund, LLC",Private Investment Vehicle,,,,,,403116,403116,,,12/14/2021,Short-Term Investments — 2.3%,Technology — 0.0%,ea165252_ncsrs,26,12
"Axonic Private Credit Fund I, LP",Private Investment Vehicle,,,,,,5235849,5235849,,,4/27/2023,Short-Term Investments — 2.3%,Technology — 0.0%,ea165252_ncsrs,26,13
"Banner Ridge DSCO Fund I, LP",Private Investment Vehicle,,,,,,10375057,10375057,,,6/30/2023,Short-Term Investments — 2.3%,Technology — 0.0%,ea165252_ncsrs,26,14
"Banner Ridge Secondary Fund IV (Offshore), LP",Private Investment Vehicle,,,,,,4710307,4710307,,,6/30/2021,Short-Term Investments — 2.3%,Technology — 0.0%,ea165252_ncsrs,26,16
"Banner Ridge Secondary Fund V (Offshore), LP",Private Investment Vehicle,,,,,,6853604,6853604,,,5/31/2023,Short-Term Investments — 2.3%,Technology — 0.0%,ea165252_ncsrs,26,17
Benefit Street Partners Real Estate Opportunistic Debt Fund L.P.,Private Investment Vehicle,,,,,,56720865,56720865,,,3/2/2022,Short-Term Investments — 2.3%,Technology — 0.0%,ea165252_ncsrs,26,18
Blackstone Tactical Opportunities Fund (Matrix Co-Invest) LP,Private Investment Vehicle,,,,,,201265,201265,,,9/20/2023,Short-Term Investments — 2.3%,Technology — 0.0%,ea165252_ncsrs,26,19
"Blue Owl First Lien Fund (Offshore), L.P.",Private Investment Vehicle,,,,,,4103056,4103056,,,7/1/2022,Short-Term Investments — 2.3%,Technology — 0.0%,ea165252_ncsrs,26,20
Blue Owl Real Estate Fund VI,Private Investment Vehicle,,,,,,2963871,2963871,,,1/31/2023,Short-Term Investments — 2.3%,Technology — 0.0%,ea165252_ncsrs,26,21
Blue Owl Technology Finance Corp.,Private Investment Vehicle,,,,,,10332953,10332953,,,6/29/2022,Short-Term Investments — 2.3%,Technology — 0.0%,ea165252_ncsrs,26,22
Blue Owl Technology Finance Corp. II,Private Investment Vehicle,,,,,,7325074,7325074,,,12/30/2021,Short-Term Investments — 2.3%,Technology — 0.0%,ea165252_ncsrs,26,23
BP Holdings RHO LLC,Private Investment Vehicle,,,,,,9099750,9099750,,,6/7/2023,Short-Term Investments — 2.3%,Technology — 0.0%,ea165252_ncsrs,26,24
"BPC Real Estate Debt Fund, LP",Private Investment Vehicle,,,,,,28600000,28600000,,,6/7/2023,Short-Term Investments — 2.3%,Technology — 0.0%,ea165252_ncsrs,26,25
BSOF Parallel Onshore Fund L.P. (Class Absolute III Series 3 Interests),Private Investment Vehicle,,,,,,5000000,5000000,,,9/1/2023,Short-Term Investments — 2.3%,Technology — 0.0%,ea165252_ncsrs,26,26
BSOF Parallel Onshore Fund L.P. (Class Olympic Srt Interests),Private Investment Vehicle,,,,,,67031000,67031000,,,9/1/2023,Short-Term Investments — 2.3%,Technology — 0.0%,ea165252_ncsrs,26,27
"Burford Advantage Feeder Fund A, LP",Private Investment Vehicle,,,,,,11247567,11247567,,,1/28/2022,Short-Term Investments — 2.3%,Technology — 0.0%,ea165252_ncsrs,26,28
"Callodine Perpetual ABL Fund, LP",Private Investment Vehicle,,,,,,94963325,94963325,,,10/3/2022,Short-Term Investments — 2.3%,Technology — 0.0%,ea165252_ncsrs,26,29
"Carlyle Credit Opportunities Fund (Parallel) II, SCSp",Private Investment Vehicle,,,,,,8847309,8847309,,,12/14/2021,Short-Term Investments — 2.3%,Technology — 0.0%,ea165252_ncsrs,26,30
"CCOF Alera Aggregator, L.P.",Private Investment Vehicle,,,,,,4850000,4850000,,,4/25/2023,Short-Term Investments — 2.3%,Technology — 0.0%,ea165252_ncsrs,26,31
"CCOF Sierra II, L.P.",Private Investment Vehicle,,,,,,3902675,3902675,,,7/29/2022,Short-Term Investments — 2.3%,Technology — 0.0%,ea165252_ncsrs,26,32
"Chilly HP SCF Investor, LP",Private Investment Vehicle,,,,,,2970297,2970297,,,2/9/2022,Short-Term Investments — 2.3%,Technology — 0.0%,ea165252_ncsrs,26,33
"CL Oliver Co-Invest I, L.P.",Private Investment Vehicle,,,,,,5048999,5048999,,,6/28/2023,Short-Term Investments — 2.3%,Technology — 0.0%,ea165252_ncsrs,26,34
"Comvest Special Opportunities Fund, L.P.",Private Investment Vehicle,,,,,,8631420,8631420,,,2/3/2022,Short-Term Investments — 2.3%,Technology — 0.0%,ea165252_ncsrs,26,35
"Contingency Capital Fund I-A, LP",Private Investment Vehicle,,,,,,36901562,36901562,,,11/28/2022,Short-Term Investments — 2.3%,Technology — 0.0%,ea165252_ncsrs,26,36
"Crestline PF Sentry Fund, LP",Private Investment Vehicle,,,,,,1296429,1296429,,,8/14/2023,Short-Term Investments — 2.3%,Technology — 0.0%,ea165252_ncsrs,26,37
"Crestline Specialty Lending III (U.S.), L.P.",Private Investment Vehicle,,,,,,12863717,12863717,,,8/30/2021,Short-Term Investments — 2.3%,Technology — 0.0%,ea165252_ncsrs,26,38
"D.E. Shaw Diopter International Fund, L.P.",Private Investment Vehicle,,,,,,37979499,37979499,,,10/20/2022,Short-Term Investments — 2.3%,Technology — 0.0%,ea165252_ncsrs,26,39
"Everberg Capital Partners II, L.P.",Private Investment Vehicle,,,,,,9925053,9925053,,,10/11/2021,Short-Term Investments — 2.3%,Technology — 0.0%,ea165252_ncsrs,26,40
"Felicitas Diner Offshore, LP",Private Investment Vehicle,,,,,,2625575,2625575,,,12/28/2022,Short-Term Investments — 2.3%,Technology — 0.0%,ea165252_ncsrs,26,41
"Felicitas Secondary Fund II Offshore, LP",Private Investment Vehicle,,,,,,9794515,9794515,,,9/10/2021,Short-Term Investments — 2.3%,Technology — 0.0%,ea165252_ncsrs,26,42
"Felicitas Tactical Opportunities Fund, LP",Private Investment Vehicle,,,,,,39860000,39860000,,,10/26/2022,Short-Term Investments — 2.3%,Technology — 0.0%,ea165252_ncsrs,28,1
Franklin BSP Lending Corporation,Private Investment Vehicle,,,,,,1795011,1795011,,,11/30/2021,Short-Term Investments — 2.3%,Technology — 0.0%,ea165252_ncsrs,28,2
Guggenheim MM-C CLO 2023-5,Private Investment Vehicle,,,,,,90202500,90202500,,,7/26/2023,Short-Term Investments — 2.3%,Technology — 0.0%,ea165252_ncsrs,28,3
"Harvest Partners Structured Capital Fund III, L.P.",Private Investment Vehicle,,,,,,11553374,11553374,,,9/22/2021,Short-Term Investments — 2.3%,Technology — 0.0%,ea165252_ncsrs,28,4
"Hayfin Healthcare Opportunities Fund (US Parallel), LP",Private Investment Vehicle,,,,,,13087654,13087654,,,6/29/2022,Short-Term Investments — 2.3%,Technology — 0.0%,ea165252_ncsrs,28,5
"Hercules Private Global Venture Growth Fund I, L.P.",Private Investment Vehicle,,,,,,130464177,130464177,,,8/6/2021,Short-Term Investments — 2.3%,Technology — 0.0%,ea165252_ncsrs,28,6
"HPS Offshore Strategic Investment Partners V, LP",Private Investment Vehicle,,,,,,5364472,5364472,,,5/1/2023,Short-Term Investments — 2.3%,Technology — 0.0%,ea165252_ncsrs,28,7
"HPS Mint Co-Invest Fund, L.P.",Private Investment Vehicle,,,,,,6471561,6471561,,,5/25/2022,Short-Term Investments — 2.3%,Technology — 0.0%,ea165252_ncsrs,28,8
"HPS Specialty Loan Fund V-L, L.P.",Private Investment Vehicle,,,,,,20707340,20707340,,,7/30/2021,Short-Term Investments — 2.3%,Technology — 0.0%,ea165252_ncsrs,28,9
"King Street Opportunistic Credit Evergreen Fund, L.P.",Private Investment Vehicle,,,,,,50000000,50000000,,,1/31/2023,Short-Term Investments — 2.3%,Technology — 0.0%,ea165252_ncsrs,28,10
"Linden Structured Capital Fund-A, LP",Private Investment Vehicle,,,,,,18743680,18743680,,,6/30/2021,Short-Term Investments — 2.3%,Technology — 0.0%,ea165252_ncsrs,28,11
Madison Realty Capital Debt Fund IV LP,Private Investment Vehicle,,,,,,12446458,12446458,,,9/29/2023,Short-Term Investments — 2.3%,Technology — 0.0%,ea165252_ncsrs,28,12
"Marilyn Co-Invest, L.P.",Private Investment Vehicle,,,,,,12237575,12237575,,,1/14/2022,Short-Term Investments — 2.3%,Technology — 0.0%,ea165252_ncsrs,28,13
"Minerva Co-Invest, L.P.",Private Investment Vehicle,,,,,,2944004,2944004,,,2/11/2022,Short-Term Investments — 2.3%,Technology — 0.0%,ea165252_ncsrs,28,14
"NB Credit Opportunities II Cayman Feeder, LP",Private Investment Vehicle,,,,,,13057893,13057893,,,8/31/2022,Short-Term Investments — 2.3%,Technology — 0.0%,ea165252_ncsrs,28,15
"OrbiMed RCO IV Offshore Feeder, LP",Private Investment Vehicle,,,,,,7516840,7516840,,,12/30/2022,Short-Term Investments — 2.3%,Technology — 0.0%,ea165252_ncsrs,28,16
"Pathlight Capital Evergreen Fund, LP",Private Investment Vehicle,,,,,,34143592,34143592,,,12/30/2022,Short-Term Investments — 2.3%,Technology — 0.0%,ea165252_ncsrs,28,17
"Pathlight Capital Fund II, LP",Private Investment Vehicle,,,,,,33509680,33509680,,,6/30/2021,Short-Term Investments — 2.3%,Technology — 0.0%,ea165252_ncsrs,28,18
"Pennybacker Real Estate Credit II, LP",Private Investment Vehicle,,,,,,18149241,18149241,,,5/6/2022,Short-Term Investments — 2.3%,Technology — 0.0%,ea165252_ncsrs,28,19
"Pennybacker Real Estate Credit II Pacific, LLC",Private Investment Vehicle,,,,,,2467491,2467491,,,5/6/2022,Short-Term Investments — 2.3%,Technology — 0.0%,ea165252_ncsrs,28,20
Raven Asset-Based Credit Fund II LP,Private Investment Vehicle,,,,,,18428649,18428649,,,9/21/2021,Short-Term Investments — 2.3%,Technology — 0.0%,ea165252_ncsrs,28,21
"Raven Evergreen Credit Fund II, LP",Private Investment Vehicle,,,,,,73449477,73449477,,,4/22/2022,Short-Term Investments — 2.3%,Technology — 0.0%,ea165252_ncsrs,28,22
Redwood Enhanced Income Corp.,Private Investment Vehicle,,,,,,25350000,25350000,,,6/30/2022,Short-Term Investments — 2.3%,Technology — 0.0%,ea165252_ncsrs,28,23
"SB DOF Speedway, LLC",Private Investment Vehicle,,,,,,8013774,8013774,,,3/31/2023,Short-Term Investments — 2.3%,Technology — 0.0%,ea165252_ncsrs,28,24
"Sculptor Real Estate Science Park Fund, LP",Private Investment Vehicle,,,,,,3851018,3851018,,,5/4/2022,Short-Term Investments — 2.3%,Technology — 0.0%,ea165252_ncsrs,28,25
"Shamrock Capital Debt Opportunities Fund I, LP",Private Investment Vehicle,,,,,,9747088,9747088,,,7/28/2021,Short-Term Investments — 2.3%,Technology — 0.0%,ea165252_ncsrs,28,26
"Silver Point Specialty Credit Fund II, L.P.",Private Investment Vehicle,,,,,,30001306,30001306,,,6/30/2021,Short-Term Investments — 2.3%,Technology — 0.0%,ea165252_ncsrs,28,27
"Sixth Street Growth Partners II (B), L.P.",Private Investment Vehicle,,,,,,1770876,1770876,,,8/1/2022,Short-Term Investments — 2.3%,Technology — 0.0%,ea165252_ncsrs,28,28
"Sky Fund V Offshore, LP",Private Investment Vehicle,,,,,,36063488,36063488,,,11/30/2022,Short-Term Investments — 2.3%,Technology — 0.0%,ea165252_ncsrs,28,29
Stellus Private Credit BDC Feeder LP,Private Investment Vehicle,,,,,,8558048,8558048,,,1/31/2022,Short-Term Investments — 2.3%,Technology — 0.0%,ea165252_ncsrs,28,30
"Summit Partners Credit Offshore Fund II, L.P.",Private Investment Vehicle,,,,,,6919667,6919667,,,3/31/2022,Short-Term Investments — 2.3%,Technology — 0.0%,ea165252_ncsrs,28,31
Thompson Rivers LLC,Private Investment Vehicle,,,,,,1774278,1774278,,,6/30/2021,Short-Term Investments — 2.3%,Technology — 0.0%,ea165252_ncsrs,28,32
"Thorofare Asset Based Lending Fund V, L.P.",Private Investment Vehicle,,,,,,30401096,30401096,,,7/29/2022,Short-Term Investments — 2.3%,Technology — 0.0%,ea165252_ncsrs,28,33
Tinicum L.P.,Private Investment Vehicle,,,,,,7893307,7893307,,,3/31/2023,Short-Term Investments — 2.3%,Technology — 0.0%,ea165252_ncsrs,28,34
"Tinicum Tax Exempt, L.P.",Private Investment Vehicle,,,,,,4042649,4042649,,,3/31/2023,Short-Term Investments — 2.3%,Technology — 0.0%,ea165252_ncsrs,28,35
"VCSF Co-Invest 1-A, L.P.",Private Investment Vehicle,,,,,,24999668,24999668,,,8/2/2023,Short-Term Investments — 2.3%,Technology — 0.0%,ea165252_ncsrs,28,36
"Vista Capital Solutions Fund-A, L.P.",Private Investment Vehicle,,,,,,7457001,7457001,,,3/24/2023,Short-Term Investments — 2.3%,Technology — 0.0%,ea165252_ncsrs,28,37
"VPC Asset Backed Opportunistic Credit Fund (Levered), L.P.",Private Investment Vehicle,,,,,,57567585,57567585,,,12/22/2021,Short-Term Investments — 2.3%,Technology — 0.0%,ea165252_ncsrs,28,38
"VPC Credit Origination Fund, LP",Private Investment Vehicle,,,,,,1000000,1000000,,,4/19/2023,Short-Term Investments — 2.3%,Technology — 0.0%,ea165252_ncsrs,28,39
"VPC Legal Finance Fund, L.P.",Private Investment Vehicle,,,,,,79654858,79654858,,,9/29/2022,Short-Term Investments — 2.3%,Technology — 0.0%,ea165252_ncsrs,28,40
Waccamaw River LLC,Private Investment Vehicle,,,,,,12498740,12498740,,,8/4/2021,Short-Term Investments — 2.3%,Technology — 0.0%,ea165252_ncsrs,28,41
Total,Private Investment Vehicle,,,,,,1647707289,1647707289,,,,Short-Term Investments — 2.3%,Technology — 0.0%,ea165252_ncsrs,28,42
